timestamp,quote,quote_after_avg_divergence
2014-01-03 22:00:00,100.0,100.0
2014-01-06 22:00:00,100.52,100.522163266109
2014-01-07 22:00:00,100.36,100.3638562780044
2014-01-08 22:00:00,100.26,100.26458088929901
2014-01-09 22:00:00,98.97,98.97989884870827
2014-01-10 22:00:00,97.25,97.26652714900412
2014-01-13 22:00:00,95.16,95.18074588437214
2014-01-14 22:00:00,93.95,93.9741456580746
2014-01-15 22:00:00,93.35000000000001,93.37626744508333
2014-01-16 22:00:00,92.73,92.75896807243998
2014-01-17 22:00:00,92.29,92.32259543750163
2014-01-20 22:00:00,92.35000000000001,92.384636625715
2014-01-21 22:00:00,93.11,93.14686925216417
2014-01-22 22:00:00,94.4,94.43897773231888
2014-01-23 22:00:00,98.58,98.6257112468331
2014-01-24 22:00:00,98.96000000000001,99.00832188401492
2014-01-27 22:00:00,98.5,98.54933313037684
2014-01-28 22:00:00,98.03,98.08040415027185
2014-01-29 22:00:00,97.17,97.22187703971191
2014-01-30 22:00:00,96.89,96.94282122412557
2014-01-31 22:00:00,96.98,97.03373215556044
2014-02-03 22:00:00,96.8,96.854375272074
2014-02-04 22:00:00,96.58,96.63495080027465
2014-02-05 22:00:00,96.2,96.25575930366779
2014-02-06 22:00:00,96.78,96.83989985594866
2014-02-07 22:00:00,96.08,96.14223343089026
2014-02-10 22:00:00,96.09,96.15265897382892
2014-02-11 22:00:00,95.55,95.61521063043185
2014-02-12 22:00:00,95.49,95.55837605682314
2014-02-13 22:00:00,95.83,95.90104311520334
2014-02-14 22:00:00,96.21000000000001,96.28227675647246
2014-02-17 22:00:00,96.03,96.10299668788728
2014-02-18 22:00:00,96.01,96.08348159947151
2014-02-19 22:00:00,95.92,95.99408896543324
2014-02-20 22:00:00,95.8,95.87538984852385
2014-02-21 22:00:00,95.68,95.75711471731421
2014-02-24 22:00:00,95.57000000000001,95.64756840711539
2014-02-25 22:00:00,95.16,95.23887432854642
2014-02-26 22:00:00,94.73,94.80939437346618
2014-02-27 22:00:00,94.14,94.22111582350031
2014-02-28 22:00:00,94.11,94.19361718164488
2014-03-03 22:00:00,92.79,92.87311941229177
2014-03-04 22:00:00,92.51,92.59391320847114
2014-03-05 22:00:00,92.51,92.59463787280573
2014-03-06 22:00:00,94.47,94.55759639683978
2014-03-07 22:00:00,94.64,94.72919553355132
2014-03-10 21:00:00,94.51,94.59975752696337
2014-03-11 21:00:00,94.34,94.43034576937718
2014-03-12 21:00:00,94.72,94.81129169600369
2014-03-13 21:00:00,94.57000000000001,94.66278292300008
2014-03-14 21:00:00,94.5,94.59374093364634
2014-03-17 21:00:00,94.38,94.47413452788335
2014-03-18 21:00:00,94.19,94.28522142315975
2014-03-19 21:00:00,93.94,94.03712294115937
2014-03-20 21:00:00,95.33,95.43003136623315
2014-03-21 21:00:00,95.08,95.18056606481392
2014-03-24 21:00:00,94.39,94.49241988165117
2014-03-25 21:00:00,94.32000000000001,94.42318253973059
2014-03-26 21:00:00,93.99,94.09366925552415
2014-03-27 21:00:00,93.60000000000001,93.7045949225931
2014-03-28 21:00:00,93.08,93.18575521337588
2014-03-31 21:00:00,92.55,92.65738321342398
2014-04-01 21:00:00,92.72,92.82795825331357
2014-04-02 21:00:00,92.73,92.83810244398904
2014-04-03 21:00:00,92.4,92.50993479089671
2014-04-04 21:00:00,92.78,92.8917297597248
2014-04-07 21:00:00,92.57000000000001,92.68194103527722
2014-04-08 21:00:00,93.75,93.8648202364544
2014-04-09 21:00:00,94.3,94.41719773517009
2014-04-10 21:00:00,94.68,94.79896627912439
2014-04-11 21:00:00,94.59,94.70963709472099
2014-04-14 21:00:00,94.48,94.6004060131235
2014-04-15 21:00:00,94.16,94.28173070461708
2014-04-16 21:00:00,94.04,94.16260026318704
2014-04-17 21:00:00,93.8,93.92285763714634
2014-04-18 21:00:00,93.77,93.89281834365897
2014-04-21 21:00:00,93.82000000000001,93.9437606753865
2014-04-22 21:00:00,93.73,93.85452444128015
2014-04-23 21:00:00,92.97,93.09649095503104
2014-04-24 21:00:00,92.65,92.77728875155098
2014-04-25 21:00:00,92.67,92.79739289735556
2014-04-28 21:00:00,91.99,92.11981997403338
2014-04-29 21:00:00,92.22,92.35196043911101
2014-04-30 21:00:00,93.43,93.56688171666057
2014-05-01 21:00:00,93.62,93.7579681926453
2014-05-02 21:00:00,92.57000000000001,92.71076870681193
2014-05-05 21:00:00,92.64,92.78115577028431
2014-05-06 21:00:00,94.54,94.6875487774078
2014-05-07 21:00:00,94.17,94.31791977446653
2014-05-08 21:00:00,95.3,95.45379054997427
2014-05-09 21:00:00,96.37,96.52664433488137
2014-05-12 21:00:00,96.23,96.38714966203558
2014-05-13 21:00:00,96.72,96.8808388146011
2014-05-14 21:00:00,97.07000000000001,97.23287843305943
2014-05-15 21:00:00,96.98,97.14539786253202
2014-05-16 21:00:00,96.59,96.75563251291807
2014-05-19 21:00:00,96.55,96.71616462138405
2014-05-20 21:00:00,96.47,96.63612440285478
2014-05-21 21:00:00,96.38,96.54610910489761
2014-05-22 21:00:00,96.38,96.54739204872975
2014-05-23 21:00:00,96.43,96.59845365702725
2014-05-26 21:00:00,96.4,96.56983784150627
2014-05-27 21:00:00,96.51,96.68217521508276
2014-05-28 21:00:00,97.36,97.5351571107249
2014-05-29 21:00:00,97.11,97.28622379259484
2014-05-30 21:00:00,96.81,96.98714679026601
2014-06-02 21:00:00,96.91,97.08847318439688
2014-06-03 21:00:00,96.47,96.64975464459383
2014-06-04 21:00:00,96.47,96.65057628115738
2014-06-05 21:00:00,98.75,98.94165865455375
2014-06-06 21:00:00,97.9,98.09246966510199
2014-06-09 21:00:00,97.48,97.67289582081406
2014-06-10 21:00:00,98.75,98.94693227969138
2014-06-11 21:00:00,98.8,98.99822883421352
2014-06-12 21:00:00,98.63,98.83013689674324
2014-06-13 21:00:00,99.31,99.51375957931364
2014-06-16 21:00:00,99.21000000000001,99.41577455303725
2014-06-17 21:00:00,98.92,99.12648057546457
2014-06-18 21:00:00,98.95,99.1585549210744
2014-06-19 21:00:00,99.49000000000001,99.7018272576051
2014-06-20 21:00:00,99.63,99.84237612787537
2014-06-23 21:00:00,99.61,99.82233349490782
2014-06-24 21:00:00,99.36,99.57482966917344
2014-06-25 21:00:00,99.05,99.2661377437377
2014-06-26 21:00:00,98.73,98.948153742004
2014-06-27 21:00:00,98.56,98.77805832295122
2014-06-30 21:00:00,99.10000000000001,99.32136269911994
2014-07-01 21:00:00,99.85000000000001,100.07480321320747
2014-07-02 21:00:00,99.71000000000001,99.93568239238357
2014-07-03 21:00:00,99.51,99.7373404212406
2014-07-04 21:00:00,100.11,100.3397705400427
2014-07-07 21:00:00,100.09,100.32048729114793
2014-07-08 21:00:00,99.47,99.70172537490116
2014-07-09 21:00:00,99.16,99.39336383269058
2014-07-10 21:00:00,99.26,99.49447311878924
2014-07-11 21:00:00,98.96000000000001,99.19466945483485
2014-07-14 21:00:00,98.93,99.16755073838682
2014-07-15 21:00:00,99.08,99.32133721605858
2014-07-16 21:00:00,99.83,100.07387328371067
2014-07-17 21:00:00,99.62,99.86387406113452
2014-07-18 21:00:00,97.91,98.15509828816784
2014-07-21 21:00:00,97.91,98.15632530577513
2014-07-22 21:00:00,99.69,99.9450671954079
2014-07-23 21:00:00,99.87,100.12703943444693
2014-07-24 21:00:00,99.71000000000001,99.97059391043983
2014-07-25 21:00:00,99.89,100.15353304283948
2014-07-28 21:00:00,99.83,100.09352989807172
2014-07-29 21:00:00,100.46000000000001,100.7265738559145
2014-07-30 21:00:00,99.85000000000001,100.11887317663931
2014-07-31 21:00:00,99.84,100.1090628346678
2014-08-01 21:00:00,99.58,99.85192886673208
2014-08-04 21:00:00,99.45,99.72249494598353
2014-08-05 21:00:00,99.91,100.18823745185539
2014-08-06 21:00:00,99.74000000000001,100.02032055863616
2014-08-07 21:00:00,99.52,99.80177863185007
2014-08-08 21:00:00,99.02,99.30318700125369
2014-08-11 21:00:00,98.79,99.07277235956072
2014-08-12 21:00:00,98.35000000000001,98.63428664726716
2014-08-13 21:00:00,98.81,99.11030207638775
2014-08-14 21:00:00,98.62,98.92449495320422
2014-08-15 21:00:00,98.48,98.78540674380224
2014-08-18 21:00:00,98.29,98.59586149620426
2014-08-19 21:00:00,99.75,100.06749772687195
2014-08-20 21:00:00,100.33,100.65454069175591
2014-08-21 21:00:00,100.64,100.96646512159361
2014-08-22 21:00:00,100.57000000000001,100.89960727392756
2014-08-25 21:00:00,101.29,101.62425450561436
2014-08-26 21:00:00,101.58,101.91732257080324
2014-08-27 21:00:00,100.75,101.08707220150887
2014-08-28 21:00:00,100.34,100.67804985480791
2014-08-29 21:00:00,100.56,100.90260829688062
2014-09-01 21:00:00,100.65,100.99486631870144
2014-09-02 21:00:00,102.99000000000001,103.34836593732895
2014-09-03 21:00:00,102.97,103.33099249485768
2014-09-04 21:00:00,111.87,112.26907902849874
2014-09-05 21:00:00,111.89,112.2907810521775
2014-09-08 21:00:00,114.94,115.3555616940801
2014-09-09 21:00:00,114.98,115.39818756146161
2014-09-10 21:00:00,115.23,115.6495963054678
2014-09-11 21:00:00,115.03,115.44987143617013
2014-09-12 21:00:00,114.54,114.95976337325644
2014-09-15 21:00:00,114.86,115.28125472523625
2014-09-16 21:00:00,113.49000000000001,113.91054413427096
2014-09-17 21:00:00,115.15,115.58044408452382
2014-09-18 21:00:00,114.28,114.70925450493498
2014-09-19 21:00:00,114.73,115.16116572394564
2014-09-22 21:00:00,114.48,114.91083784831642
2014-09-23 21:00:00,114.33,114.76135724986898
2014-09-24 21:00:00,115.10000000000001,115.53609693326288
2014-09-25 21:00:00,115.06,115.49797456516733
2014-09-26 21:00:00,115.3,115.74015489346401
2014-09-29 21:00:00,115.49000000000001,115.93183905073431
2014-09-30 21:00:00,115.29,115.73550700116522
2014-10-01 21:00:00,115.35000000000001,115.79751984708123
2014-10-02 21:00:00,114.14,114.58529091362138
2014-10-03 21:00:00,116.05,116.50701279914355
2014-10-06 21:00:00,114.06,114.51236597803901
2014-10-07 21:00:00,113.19,113.6400236062175
2014-10-08 21:00:00,113.81,114.26441601063684
2014-10-09 21:00:00,113.74000000000001,114.19666453947039
2014-10-10 21:00:00,113.04,113.49468978244651
2014-10-13 21:00:00,111.84,112.29173064295074
2014-10-14 21:00:00,113.12,113.57917290157543
2014-10-15 21:00:00,114.99000000000001,115.46186095022821
2014-10-16 21:00:00,114.01,114.4793378411017
2014-10-17 21:00:00,114.22,114.69118184877347
2014-10-20 21:00:00,114.51,114.98316280795305
2014-10-21 21:00:00,114.83,115.30563141205808
2014-10-22 21:00:00,114.96000000000001,115.43802975500078
2014-10-23 21:00:00,114.83,115.30809316688475
2014-10-24 21:00:00,114.97,115.44908394014752
2014-10-27 21:00:00,114.53,115.00810408482778
2014-10-28 21:00:00,113.3,113.77627860706478
2014-10-29 21:00:00,114.01,114.49179804603106
2014-10-30 21:00:00,115.37,115.8592631017514
2014-10-31 21:00:00,116.27,116.76436196437113
2014-11-03 22:00:00,116.68,117.17819447440507
2014-11-04 22:00:00,116.60000000000001,117.09900190542267
2014-11-05 22:00:00,116.25,116.74948715524265
2014-11-06 22:00:00,117.62,118.12781479774017
2014-11-07 22:00:00,116.59,117.09533600610867
2014-11-10 22:00:00,116.66,117.16712515945423
2014-11-11 22:00:00,116.37,116.87704792786975
2014-11-12 22:00:00,117.84,118.3558367899217
2014-11-13 22:00:00,118.13,118.64799028232878
2014-11-14 22:00:00,118.13,118.65067430049972
2014-11-17 22:00:00,117.62,118.14064164886177
2014-11-18 22:00:00,117.27,117.78994592202106
2014-11-19 22:00:00,117.07000000000001,117.5908801713198
2014-11-20 22:00:00,116.56,117.08006169809435
2014-11-21 22:00:00,119.2,119.73397340185635
2014-11-24 22:00:00,119.12,119.65495743586071
2014-11-25 22:00:00,119.09,119.62641977473305
2014-11-26 22:00:00,119.06,119.59710946402119
2014-11-27 22:00:00,119.0,119.53753910338224
2014-11-28 22:00:00,118.71000000000001,119.24795369570501
2014-12-01 22:00:00,119.08,119.62254461640913
2014-12-02 22:00:00,119.05,119.59337214319073
2014-12-03 22:00:00,119.98,120.52893976983069
2014-12-04 22:00:00,119.26,119.80997411136883
2014-12-05 22:00:00,119.08,119.63157340457022
2014-12-08 22:00:00,119.2,119.75582006458424
2014-12-09 22:00:00,118.3,118.85364603141012
2014-12-10 22:00:00,118.59,119.14659182996128
2014-12-11 22:00:00,118.17,118.72854844833238
2014-12-12 22:00:00,118.75,119.31230058686118
2014-12-15 22:00:00,118.98,119.54509238973614
2014-12-16 22:00:00,118.76,119.32717099362822
2014-12-17 22:00:00,116.89,117.45217054941878
2014-12-18 22:00:00,117.27,117.83698030531461
2014-12-19 22:00:00,117.92,118.49194882671314
2014-12-22 22:00:00,118.15,118.72409706159179
2014-12-23 22:00:00,118.7,119.27840324246493
2014-12-24 22:00:00,118.44,119.01849842019253
2014-12-26 22:00:00,118.44,119.01861979661794
2014-12-29 22:00:00,118.02,118.59772147289888
2014-12-30 22:00:00,117.77,118.34717267515637
2014-12-31 22:00:00,117.74000000000001,118.31768580942861
2015-01-02 22:00:00,118.16,118.74065156374955
2015-01-05 22:00:00,118.42,119.00578808849902
2015-01-06 22:00:00,118.78,119.37104604031684
2015-01-07 22:00:00,118.60000000000001,119.19401317056624
2015-01-08 22:00:00,118.78,119.37769675108925
2015-01-09 22:00:00,118.57000000000001,119.16902414085531
2015-01-12 22:00:00,118.34,118.94065249610189
2015-01-13 22:00:00,118.5,119.10473287223657
2015-01-14 22:00:00,116.54,117.13904443088005
2015-01-15 22:00:00,113.87,114.45986914233666
2015-01-16 22:00:00,114.48,115.07768490604991
2015-01-19 22:00:00,114.73,115.33058300899194
2015-01-20 22:00:00,114.32000000000001,114.91995530684407
2015-01-21 22:00:00,112.82000000000001,113.41450394286623
2015-01-22 22:00:00,116.27,116.88596849160267
2015-01-23 22:00:00,118.38,119.0118711657217
2015-01-26 22:00:00,117.85000000000001,118.48182287211556
2015-01-27 22:00:00,118.3,118.93716189780876
2015-01-28 22:00:00,118.35000000000001,118.99001918648523
2015-01-29 22:00:00,118.03,118.67014593227564
2015-01-30 22:00:00,117.62,118.26043150928254
2015-02-02 22:00:00,117.15,117.78983771074857
2015-02-03 22:00:00,118.98,119.63166732236814
2015-02-04 22:00:00,118.47,119.1239753857682
2015-02-05 22:00:00,118.62,119.277913883847
2015-02-06 22:00:00,119.62,120.28733490430069
2015-02-09 22:00:00,119.98,120.6517793586809
2015-02-10 22:00:00,120.24000000000001,120.91460853031946
2015-02-11 22:00:00,119.94,120.61597301170596
2015-02-12 22:00:00,121.16,121.84620650095643
2015-02-13 22:00:00,121.7,122.39317126789966
2015-02-16 22:00:00,121.83,122.52542162875788
2015-02-17 22:00:00,121.71000000000001,122.40692038026637
2015-02-18 22:00:00,121.91,122.61182259390998
2015-02-19 22:00:00,122.07000000000001,122.7740561591566
2015-02-20 22:00:00,121.9,122.60523881285923
2015-02-23 22:00:00,121.63,122.33511788572017
2015-02-24 22:00:00,121.37,122.074586343916
2015-02-25 22:00:00,121.4,122.10682741159533
2015-02-26 22:00:00,123.36,124.08064909509824
2015-02-27 22:00:00,122.68,123.39959342118722
2015-03-02 22:00:00,123.12,123.84428112357233
2015-03-03 22:00:00,123.04,123.76485743135183
2015-03-04 22:00:00,124.64,125.37616825557389
2015-03-05 22:00:00,124.82000000000001,125.56116861222596
2015-03-06 22:00:00,129.53,130.3031568502523
2015-03-09 21:00:00,129.26,130.03515368371683
2015-03-10 21:00:00,129.26,130.0394468592133
2015-03-11 21:00:00,130.58,131.3710547168546
2015-03-12 21:00:00,129.44,130.22745367693685
2015-03-13 21:00:00,129.88,130.67232440665504
2015-03-16 21:00:00,129.7,130.4926784301159
2015-03-17 21:00:00,129.49,130.28349823781144
2015-03-18 21:00:00,135.43,136.2669533265741
2015-03-19 21:00:00,134.28,135.1141041316565
2015-03-20 21:00:00,130.7,131.51408578243536
2015-03-23 21:00:00,128.5,129.3021773374033
2015-03-24 21:00:00,128.84,129.6466381250809
2015-03-25 21:00:00,128.12,128.92416658739555
2015-03-26 21:00:00,129.53,130.34471335344384
2015-03-27 21:00:00,128.51,129.32037025231583
2015-03-30 21:00:00,129.4,130.2167218642508
2015-03-31 21:00:00,130.99,131.81863767055881
2015-04-01 21:00:00,130.63,131.45748270963261
2015-04-02 21:00:00,129.95,130.7740624155231
2015-04-03 21:00:00,128.5,129.31718521421942
2015-04-06 21:00:00,129.17000000000002,129.99372943408795
2015-04-07 21:00:00,130.35,131.18247360824498
2015-04-08 21:00:00,129.87,130.70078650113882
2015-04-09 21:00:00,130.88,131.71869923603992
2015-04-10 21:00:00,131.97,132.81768703709068
2015-04-13 21:00:00,131.89000000000001,132.73837238501008
2015-04-14 21:00:00,132.31,133.1628200361902
2015-04-15 21:00:00,131.27,132.11811183871316
2015-04-16 21:00:00,131.35,132.20130693227995
2015-04-17 21:00:00,131.72,132.57590598690015
2015-04-20 21:00:00,131.71,132.56660224207073
2015-04-21 21:00:00,131.73,132.58767414070854
2015-04-22 21:00:00,131.84,132.69964281151712
2015-04-23 21:00:00,131.95,132.8116473180825
2015-04-24 21:00:00,131.74,132.6018508033259
2015-04-27 21:00:00,131.75,132.61272709319323
2015-04-28 21:00:00,131.88,132.74438124541066
2015-04-29 21:00:00,131.96,132.82708509216116
2015-04-30 21:00:00,131.95,132.81956475171833
2015-05-01 21:00:00,132.26,133.13323543020218
2015-05-04 21:00:00,132.26,133.13429518534082
2015-05-05 21:00:00,132.22,133.09477047809162
2015-05-06 21:00:00,132.77,133.64970266802706
2015-05-07 21:00:00,132.57,133.4495302401152
2015-05-08 21:00:00,131.93,132.8079687843655
2015-05-11 21:00:00,132.04,132.9193393625398
2015-05-12 21:00:00,132.49,133.37409163790255
2015-05-13 21:00:00,133.63,134.5240146112014
2015-05-14 21:00:00,134.27,135.17069007259636
2015-05-15 21:00:00,134.42000000000002,135.32274275091999
2015-05-18 21:00:00,134.16,135.06155864425267
2015-05-19 21:00:00,135.56,136.47280489534592
2015-05-20 21:00:00,135.97,136.88706362144956
2015-05-21 21:00:00,135.71,136.62687168901422
2015-05-22 21:00:00,138.31,139.24645229317903
2015-05-25 21:00:00,139.09,140.0330180786947
2015-05-26 21:00:00,139.66,140.60865441946842
2015-05-27 21:00:00,139.85,140.80174686120932
2015-05-28 21:00:00,140.1,141.05468964073066
2015-05-29 21:00:00,139.95000000000002,140.90478810974602
2015-06-01 21:00:00,140.18,141.137067325129
2015-06-02 21:00:00,140.92000000000002,141.88423723330953
2015-06-03 21:00:00,141.67000000000002,142.64213055904634
2015-06-04 21:00:00,141.72,142.6957117250972
2015-06-05 21:00:00,140.49,141.46001538604457
2015-06-08 21:00:00,139.12,140.0823675028536
2015-06-09 21:00:00,138.92000000000002,139.88427833844963
2015-06-10 21:00:00,139.04,140.00677477467235
2015-06-11 21:00:00,138.25,139.21279553255528
2015-06-12 21:00:00,137.3,138.26000490255407
2015-06-15 21:00:00,137.18,138.13964733726522
2015-06-16 21:00:00,137.21,138.17171054978684
2015-06-17 21:00:00,138.11,139.08146408729453
2015-06-18 21:00:00,139.31,140.29251556076701
2015-06-19 21:00:00,139.48,140.4649154467506
2015-06-22 21:00:00,139.41,140.39539055702843
2015-06-23 21:00:00,140.98,141.97769011221482
2015-06-24 21:00:00,140.69,141.6867556245045
2015-06-25 21:00:00,140.71,141.7071190450798
2015-06-26 21:00:00,140.56,141.55691247539195
2015-06-29 21:00:00,140.85,141.85081634967509
2015-06-30 21:00:00,141.04,142.04392674787712
2015-07-01 21:00:00,141.35,142.3578301255193
2015-07-02 21:00:00,141.29,142.29910563718045
2015-07-03 21:00:00,141.32,142.32942782950792
2015-07-06 21:00:00,141.45000000000002,142.4618867917315
2015-07-07 21:00:00,141.78,142.7969702683379
2015-07-08 21:00:00,142.12,143.14126390376242
2015-07-09 21:00:00,141.84,142.86131057928583
2015-07-10 21:00:00,141.61,142.63243858347062
2015-07-13 21:00:00,143.07,144.10475875085316
2015-07-14 21:00:00,143.98,145.02283028455474
2015-07-15 21:00:00,144.51,145.55821925852558
2015-07-16 21:00:00,144.99,146.0435875083614
2015-07-17 21:00:00,145.1,146.15649239225704
2015-07-20 21:00:00,144.97,146.02786445094665
2015-07-21 21:00:00,146.02,147.08687225970317
2015-07-22 21:00:00,146.0,147.06833229866425
2015-07-23 21:00:00,146.07,147.14324842084153
2015-07-24 21:00:00,146.37,147.44803255175083
2015-07-27 21:00:00,146.53,147.6134559206824
2015-07-28 21:00:00,146.06,147.14285135646344
2015-07-29 21:00:00,145.44,146.52077583794537
2015-07-30 21:00:00,145.36,146.4422538812637
2015-07-31 21:00:00,144.37,145.4512824519955
2015-08-03 21:00:00,144.34,145.4218672786772
2015-08-04 21:00:00,144.52,145.60460193710946
2015-08-05 21:00:00,143.89000000000001,144.97413573030488
2015-08-06 21:00:00,143.57,144.65438306171876
2015-08-07 21:00:00,142.98,144.06480076948966
2015-08-10 21:00:00,142.84,143.92547359620286
2015-08-11 21:00:00,142.46,143.54715530622633
2015-08-12 21:00:00,142.4,143.48946291841196
2015-08-13 21:00:00,143.19,144.28841010467133
2015-08-14 21:00:00,142.93,144.02963814942856
2015-08-17 21:00:00,142.70000000000002,143.7987480063067
2015-08-18 21:00:00,143.07,144.17459588642944
2015-08-19 21:00:00,142.3,143.4014649913037
2015-08-20 21:00:00,144.44,145.56491493655807
2015-08-21 21:00:00,144.37,145.49927070930312
2015-08-24 21:00:00,141.22,142.33241059895974
2015-08-25 21:00:00,140.37,141.48125201418577
2015-08-26 21:00:00,141.31,142.43223507532582
2015-08-27 21:00:00,142.27,143.40590481092855
2015-08-28 21:00:00,142.34,143.47903995718525
2015-08-31 21:00:00,141.65,142.78494421086137
2015-09-01 21:00:00,140.79,141.92036503823533
2015-09-02 21:00:00,141.93,143.07291923795333
2015-09-03 21:00:00,143.22,144.37743472856022
2015-09-04 21:00:00,142.29,143.4433612798841
2015-09-07 21:00:00,142.59,143.74715259288433
2015-09-08 21:00:00,141.68,142.83377615751346
2015-09-09 21:00:00,140.97,142.1208365554001
2015-09-10 21:00:00,140.70000000000002,141.85222722795123
2015-09-11 21:00:00,141.29,142.44944356318345
2015-09-14 21:00:00,141.61,142.774001328855
2015-09-15 21:00:00,141.21,142.37166885980918
2015-09-16 21:00:00,140.93,142.09128152881797
2015-09-17 21:00:00,141.25,142.41656061486702
2015-09-18 21:00:00,138.76,139.90965901650532
2015-09-21 21:00:00,138.68,139.83093176227052
2015-09-22 21:00:00,139.22,140.3784140124603
2015-09-23 21:00:00,139.79,140.9566192530861
2015-09-24 21:00:00,140.05,141.22184365097266
2015-09-25 21:00:00,140.25,141.4274306062816
2015-09-28 21:00:00,140.22,141.39873713312556
2015-09-29 21:00:00,140.62,141.80453264123184
2015-09-30 21:00:00,140.75,141.93808689284316
2015-10-01 21:00:00,140.4,141.58685870230775
2015-10-02 21:00:00,140.13,141.31742240405896
2015-10-05 21:00:00,140.3,141.49027798502496
2015-10-06 21:00:00,140.56,141.7539623477957
2015-10-07 21:00:00,140.43,141.62533434803285
2015-10-08 21:00:00,140.02,141.21523577756767
2015-10-09 21:00:00,140.6,141.80276223855049
2015-10-12 21:00:00,140.69,141.89465935122485
2015-10-13 21:00:00,141.17000000000002,142.38079936149376
2015-10-14 21:00:00,141.12,142.33371123602785
2015-10-15 21:00:00,139.18,140.38273642049825
2015-10-16 21:00:00,139.0,140.20416153989316
2015-10-19 21:00:00,139.08,140.2863268579233
2015-10-20 21:00:00,139.21,140.41955205367913
2015-10-21 21:00:00,139.06,140.27013093324467
2015-10-22 21:00:00,143.98,145.2385799912262
2015-10-23 21:00:00,143.95000000000002,145.21163197903294
2015-10-26 21:00:00,144.04,145.30465317732006
2015-10-27 21:00:00,143.86,145.1247226516773
2015-10-28 21:00:00,144.94,146.21777342213713
2015-10-29 21:00:00,142.99,144.25441629756025
2015-10-30 21:00:00,142.35,143.610961492266
2015-11-02 22:00:00,142.79,144.05647840082338
2015-11-03 22:00:00,142.73,143.99824157560343
2015-11-04 22:00:00,142.95000000000002,144.22228971330415
2015-11-05 22:00:00,143.55,144.83058409186123
2015-11-06 22:00:00,144.9,146.1947475105345
2015-11-09 22:00:00,144.6,145.89569642007402
2015-11-10 22:00:00,144.64000000000001,145.93880655401426
2015-11-11 22:00:00,143.95000000000002,145.2441980356157
2015-11-12 22:00:00,142.31,143.59405910165515
2015-11-13 22:00:00,142.43,143.7167206999766
2015-11-16 22:00:00,142.99,144.28331058173433
2015-11-17 22:00:00,143.12,144.41663296989427
2015-11-18 22:00:00,142.54,143.83308202373246
2015-11-19 22:00:00,142.07,143.36182550694025
2015-11-20 22:00:00,142.36,143.65559261948053
2015-11-23 22:00:00,142.4,143.6997153574386
2015-11-24 22:00:00,142.36,143.662079255805
2015-11-25 22:00:00,142.07,143.37163303772732
2015-11-26 22:00:00,142.09,143.39232618928747
2015-11-27 22:00:00,142.11,143.41361660878064
2015-11-30 22:00:00,142.19,143.49537391562032
2015-12-01 22:00:00,142.48,143.789726051075
2015-12-02 22:00:00,142.66,143.97482739042064
2015-12-03 22:00:00,154.36,155.79010468271548
2015-12-04 22:00:00,154.03,155.46160085711313
2015-12-07 22:00:00,154.02,155.45232258278304
2015-12-08 22:00:00,154.02,155.4536325594106
2015-12-09 22:00:00,154.27,155.7070858866474
2015-12-10 22:00:00,153.75,155.18481387357494
2015-12-11 22:00:00,153.11,154.53993942340549
2015-12-14 22:00:00,152.72,154.14784271020514
2015-12-15 22:00:00,153.28,154.7149071684223
2015-12-16 22:00:00,152.41,153.841040586317
2015-12-17 22:00:00,152.17000000000002,153.6024427827455
2015-12-18 22:00:00,152.28,153.71607942147128
2015-12-21 22:00:00,152.20000000000002,153.6360343223626
2015-12-22 22:00:00,152.16,153.59707997842085
2015-12-23 22:00:00,151.91,153.3456716671286
2015-12-24 22:00:00,151.95000000000002,153.38652943209206
2015-12-28 22:00:00,151.81,153.24583134724895
2015-12-29 22:00:00,151.76,153.1965699531743
2015-12-30 22:00:00,151.92000000000002,153.35945273569783
2015-12-31 22:00:00,151.91,153.35105489873928
2016-01-04 22:00:00,152.17000000000002,153.61702086326687
2016-01-05 22:00:00,152.61,154.06441235673356
2016-01-06 22:00:00,153.17000000000002,154.63286388583808
2016-01-07 22:00:00,153.59,155.06090141874324
2016-01-08 22:00:00,153.06,154.52944545931774
2016-01-11 22:00:00,152.84,154.3102073266087
2016-01-12 22:00:00,152.77,154.24132819247833
2016-01-13 22:00:00,152.42000000000002,153.89125962713547
2016-01-14 22:00:00,152.53,154.00716969325623
2016-01-15 22:00:00,151.84,153.31269645916117
2016-01-18 22:00:00,152.28,153.75916829702896
2016-01-19 22:00:00,153.02,154.50949812438512
2016-01-20 22:00:00,152.73,154.22041626555028
2016-01-21 22:00:00,150.26,151.73112118679234
2016-01-22 22:00:00,149.79,151.25920055972261
2016-01-25 22:00:00,149.54,151.00972054678394
2016-01-26 22:00:00,149.27,150.73913506422886
2016-01-27 22:00:00,149.26,150.73135009064893
2016-01-28 22:00:00,148.77,150.23855584428114
2016-01-29 22:00:00,147.65,149.11128565285665
2016-02-01 22:00:00,147.69,149.1531907372846
2016-02-02 22:00:00,147.07,148.5294694238406
2016-02-03 22:00:00,148.95000000000002,150.43120586373067
2016-02-04 22:00:00,150.21,151.7086947868349
2016-02-05 22:00:00,149.98,151.47979409472563
2016-02-08 22:00:00,150.18,151.68417142174033
2016-02-09 22:00:00,151.21,152.7296263946526
2016-02-10 22:00:00,151.21,152.73450033775518
2016-02-11 22:00:00,151.46,152.9906098196949
2016-02-12 22:00:00,151.42000000000002,152.95346530746835
2016-02-15 22:00:00,151.14000000000001,152.67255885114855
2016-02-16 22:00:00,151.3,152.83777427283422
2016-02-17 22:00:00,151.96,153.50702650824286
2016-02-18 22:00:00,151.52,153.0668126906124
2016-02-19 22:00:00,151.21,152.75617902138785
2016-02-22 22:00:00,153.36,154.93242560543118
2016-02-23 22:00:00,153.79,155.3696677620045
2016-02-24 22:00:00,153.24,154.82018955208721
2016-02-25 22:00:00,153.9,155.49125953912068
2016-02-26 22:00:00,155.03,156.6360776689419
2016-02-29 22:00:00,156.20000000000002,157.82389555047448
2016-03-01 22:00:00,155.93,157.55371453550697
2016-03-02 22:00:00,156.4,158.0314078374016
2016-03-03 22:00:00,156.95000000000002,158.58966739429354
2016-03-04 22:00:00,156.46,158.09907419569572
2016-03-07 22:00:00,156.61,158.2532873751577
2016-03-08 22:00:00,156.09,157.73183872615792
2016-03-09 22:00:00,155.81,157.45255055293612
2016-03-10 22:00:00,159.31,160.99959762483246
2016-03-11 22:00:00,159.13,160.82385124536512
2016-03-14 21:00:00,159.0,160.69394792651855
2016-03-15 21:00:00,158.8,160.49326334745683
2016-03-16 21:00:00,162.44,164.17763338837426
2016-03-17 21:00:00,166.14000000000001,167.9222111035071
2016-03-18 21:00:00,166.36,168.1484954786428
2016-03-21 21:00:00,165.43,167.20969152340987
2016-03-22 21:00:00,164.62,166.39355149566242
2016-03-23 21:00:00,164.69,166.46596783683088
2016-03-24 21:00:00,164.95000000000002,166.73107924585113
2016-03-25 21:00:00,164.61,166.38817306442337
2016-03-28 21:00:00,165.47,167.259836176807
2016-03-29 21:00:00,166.02,167.81921782886803
2016-03-30 21:00:00,166.55,168.35911940468512
2016-03-31 21:00:00,166.59,168.40189977802888
2016-04-01 21:00:00,166.88,168.69925261145517
2016-04-04 21:00:00,166.70000000000002,168.51949300738596
2016-04-05 21:00:00,166.79,168.61197824016875
2016-04-06 21:00:00,165.4,167.2093576987574
2016-04-07 21:00:00,166.07,167.88926340888412
2016-04-08 21:00:00,165.57,167.38550786969193
2016-04-11 21:00:00,165.57,167.38550786969193
2016-04-12 21:00:00,165.57,167.38550786969193
2016-04-13 21:00:00,165.57,167.38550786969193
2016-04-14 21:00:00,165.57,167.38550786969193
2016-04-15 21:00:00,165.61,167.42651250543412
2016-04-18 21:00:00,165.64000000000001,167.45836819372423
2016-04-19 21:00:00,165.78,167.60212322538473
2016-04-20 21:00:00,165.62,167.44238426139952
2016-04-21 21:00:00,165.01,166.829344905737
2016-04-22 21:00:00,166.70000000000002,168.54070930720385
2016-04-25 21:00:00,166.88,168.72487394369963
2016-04-26 21:00:00,167.12,168.9702513932498
2016-04-27 21:00:00,166.86,168.70952542475752
2016-04-28 21:00:00,169.11,170.98699146751397
2016-04-29 21:00:00,169.6,171.48477751473322
2016-05-02 21:00:00,169.95000000000002,171.84039076879085
2016-05-03 21:00:00,166.88,168.73992858675751
2016-05-04 21:00:00,166.71,168.57181034152896
2016-05-05 21:00:00,166.53,168.39113069007814
2016-05-06 21:00:00,167.13,168.99930106944956
2016-05-09 21:00:00,167.28,169.1525962269036
2016-05-10 21:00:00,167.56,169.43663165825018
2016-05-11 21:00:00,167.86,169.74156688955392
2016-05-12 21:00:00,166.91,168.7833441303926
2016-05-13 21:00:00,166.99,168.86540393049034
2016-05-16 21:00:00,167.04,168.9173068554545
2016-05-17 21:00:00,166.05,167.91880731615984
2016-05-18 21:00:00,167.44,169.32748515866624
2016-05-19 21:00:00,168.5,170.40543032895883
2016-05-20 21:00:00,168.69,170.5990625822629
2016-05-23 21:00:00,168.88,170.79246283383864
2016-05-24 21:00:00,169.09,171.00690457963333
2016-05-25 21:00:00,170.20000000000002,172.13516404288012
2016-05-26 21:00:00,169.74,171.67590792965177
2016-05-27 21:00:00,170.68,172.62872281967452
2016-05-30 21:00:00,169.97,171.91370647604055
2016-05-31 21:00:00,173.61,175.59933047695222
2016-06-01 21:00:00,174.79,176.79844874953034
2016-06-02 21:00:00,174.28,176.28621520603153
2016-06-03 21:00:00,179.20000000000002,181.26804608156826
2016-06-06 21:00:00,178.1,180.15656882894393
2016-06-07 21:00:00,178.8,180.87132101806446
2016-06-08 21:00:00,178.91,180.98529549920798
2016-06-09 21:00:00,177.08,179.1414263182639
2016-06-10 21:00:00,176.71,178.77024999965496
2016-06-13 21:00:00,177.46,179.53421999482876
2016-06-14 21:00:00,178.23,180.3186512189559
2016-06-15 21:00:00,176.86,178.94135216629908
2016-06-16 21:00:00,177.14000000000001,179.23582542482046
2016-06-17 21:00:00,178.67000000000002,180.78878828451047
2016-06-20 21:00:00,178.67000000000002,180.78878828451047
2016-06-21 21:00:00,178.67000000000002,180.78878828451047
2016-06-22 21:00:00,178.67000000000002,180.78878828451047
2016-06-23 21:00:00,178.67000000000002,180.78878828451047
2016-06-24 21:00:00,178.67000000000002,180.78878828451047
2016-06-27 21:00:00,178.67000000000002,180.78878828451047
2016-06-28 21:00:00,178.67000000000002,180.78878828451047
2016-06-29 21:00:00,179.34,181.46873468009304
2016-06-30 21:00:00,176.75,178.85573682296334
2016-07-01 21:00:00,176.91,179.0224426779877
2016-07-04 21:00:00,176.98,179.09481358733993
2016-07-05 21:00:00,175.67000000000002,177.77319827073643
2016-07-06 21:00:00,172.31,174.38164870777675
2016-07-07 21:00:00,172.52,174.60030575727063
2016-07-08 21:00:00,171.43,173.50147193041622
2016-07-11 21:00:00,170.79,172.856855888732
2016-07-12 21:00:00,169.26,171.31339327765323
2016-07-13 21:00:00,170.52,172.6006161992985
2016-07-14 21:00:00,166.91,168.95731707141059
2016-07-15 21:00:00,168.02,170.089833786218
2016-07-18 21:00:00,169.11,171.19586817902663
2016-07-19 21:00:00,169.91,172.00960803685234
2016-07-20 21:00:00,171.33,173.4516731299605
2016-07-21 21:00:00,171.46,173.58746416130958
2016-07-22 21:00:00,173.36,175.51443506419955
2016-07-25 21:00:00,173.04,175.19209695907048
2016-07-26 21:00:00,172.23,174.37517421644557
2016-07-27 21:00:00,168.75,170.85805977607296
2016-07-28 21:00:00,170.13,172.2600743327874
2016-07-29 21:00:00,169.46,171.58563310799553
2016-08-01 21:00:00,169.65,171.78137601774597
2016-08-02 21:00:00,170.71,172.85749978762672
2016-08-03 21:00:00,169.06,171.1916244666941
2016-08-04 21:00:00,170.71,172.86689173146289
2016-08-05 21:00:00,170.13,172.28472244426493
2016-08-08 21:00:00,170.12,172.27644608391415
2016-08-09 21:00:00,170.49,172.65321052068816
2016-08-10 21:00:00,170.77,172.94162845961966
2016-08-11 21:00:00,170.71,172.8835058418551
2016-08-12 21:00:00,169.47,171.63116249917528
2016-08-15 21:00:00,169.63,171.79520441149376
2016-08-16 21:00:00,170.56,172.74141257427618
2016-08-17 21:00:00,169.51,171.6840235074617
2016-08-18 21:00:00,169.79,171.97164162168502
2016-08-19 21:00:00,168.31,170.47850475614283
2016-08-22 21:00:00,168.05,170.21601610922392
2016-08-23 21:00:00,168.20000000000002,170.36917043112481
2016-08-24 21:00:00,168.27,170.44204991986217
2016-08-25 21:00:00,168.32,170.4935849122386
2016-08-26 21:00:00,171.84,174.06385159725522
2016-08-29 21:00:00,172.03,174.2588697156175
2016-08-30 21:00:00,172.33,174.56372269575212
2016-08-31 21:00:00,172.6,174.83968206431106
2016-09-01 21:00:00,173.70000000000002,175.95910122518472
2016-09-02 21:00:00,173.1,175.35900195389564
2016-09-05 21:00:00,172.96,175.21879584176122
2016-09-06 21:00:00,173.65,175.91963259136296
2016-09-07 21:00:00,173.14000000000001,175.40726200176266
2016-09-08 21:00:00,173.52,175.79419661313506
2016-09-09 21:00:00,172.62,174.8848304085063
2016-09-12 21:00:00,172.94,175.20982166952814
2016-09-13 21:00:00,171.89000000000001,174.1476929777061
2016-09-14 21:00:00,171.96,174.22077522963912
2016-09-15 21:00:00,171.38,173.63470477022952
2016-09-16 21:00:00,172.12,174.38651910567262
2016-09-19 21:00:00,171.53,173.79278727221734
2016-09-20 21:00:00,171.81,174.07914954456083
2016-09-21 21:00:00,171.0,173.2651407938324
2016-09-22 21:00:00,171.92000000000002,174.20022711745472
2016-09-23 21:00:00,171.44,173.71596607815323
2016-09-26 21:00:00,171.13,173.40304443850826
2016-09-27 21:00:00,171.35,173.62690676632045
2016-09-28 21:00:00,171.71,173.99273612478171
2016-09-29 21:00:00,171.05,173.326166520962
2016-09-30 21:00:00,171.74,174.0275222318423
2016-10-03 21:00:00,171.45000000000002,173.73561890329967
2016-10-04 21:00:00,171.19,173.47704533525223
2016-10-05 21:00:00,171.91,174.2113673879198
2016-10-06 21:00:00,172.23,174.53773233722316
2016-10-07 21:00:00,171.26,173.5608302908672
2016-10-10 21:00:00,172.03,174.34430668605378
2016-10-11 21:00:00,171.84,174.1559679820197
2016-10-12 21:00:00,169.51,171.80442633667894
2016-10-13 21:00:00,169.86,172.16463346959176
2016-10-14 21:00:00,169.57,171.8724801809495
2016-10-17 21:00:00,170.16,172.47481962915623
2016-10-18 21:00:00,169.23,171.53423094014437
2016-10-19 21:00:00,168.63,170.92897943703503
2016-10-20 21:00:00,167.8,170.09392694434592
2016-10-21 21:00:00,169.23,171.54674093236562
2016-10-24 21:00:00,168.82,171.13320946138924
2016-10-25 21:00:00,168.09,170.39710558055637
2016-10-26 21:00:00,167.76,170.0641190695413
2016-10-27 21:00:00,168.92000000000002,171.24156332248182
2016-10-28 21:00:00,169.34,171.67105320815642
2016-10-31 21:00:00,169.51,171.8445130240808
2016-11-01 21:00:00,169.71,172.05134483533402
2016-11-02 21:00:00,169.61,171.95562093920867
2016-11-03 21:00:00,169.05,171.39336105040616
2016-11-04 21:00:00,170.09,172.45184920026009
2016-11-07 22:00:00,169.57,171.9286123392084
2016-11-08 22:00:00,170.35,172.72165007184805
2016-11-09 22:00:00,169.87,172.24500350213953
2016-11-10 22:00:00,172.92000000000002,175.34698606140572
2016-11-11 22:00:00,173.42000000000002,175.8596281952891
2016-11-14 22:00:00,174.02,176.47394390569724
2016-11-15 22:00:00,173.64000000000001,176.09506533235864
2016-11-16 22:00:00,174.09,176.5566506289136
2016-11-17 22:00:00,174.52,176.9975621502427
2016-11-18 22:00:00,174.55,177.03343864901376
2016-11-21 22:00:00,176.35,178.8650168706359
2016-11-22 22:00:00,174.99,177.49059189324316
2016-11-23 22:00:00,177.69,180.23463457639613
2016-11-24 22:00:00,178.85,181.41567044041548
2016-11-25 22:00:00,179.94,182.52459459600226
2016-11-28 22:00:00,179.58,182.1650816266456
2016-11-29 22:00:00,179.16,181.74360259477436
2016-11-30 22:00:00,178.44,181.01646748338993
2016-12-01 22:00:00,177.54,180.1072811176939
2016-12-02 22:00:00,176.82,179.38149085257194
2016-12-05 22:00:00,178.88,181.47568297545425
2016-12-06 22:00:00,179.69,182.30613934254546
2016-12-07 22:00:00,181.96,184.61410043716685
2016-12-08 22:00:00,192.58,195.39785714209287
2016-12-09 22:00:00,194.51,197.36010937877853
2016-12-12 22:00:00,192.64000000000001,195.4660771581049
2016-12-13 22:00:00,192.45000000000002,195.2768463894522
2016-12-14 22:00:00,200.18,203.12739688787576
2016-12-15 22:00:00,207.04,210.09517804952466
2016-12-16 22:00:00,207.24,210.30209365211365
2016-12-19 22:00:00,207.8,210.8722473896645
2016-12-20 22:00:00,207.47,210.54047145454248
2016-12-21 22:00:00,208.11,211.19357257703203
2016-12-22 22:00:00,208.14000000000001,211.22579050596013
2016-12-23 22:00:00,208.13,211.2172899240667
2016-12-26 22:00:00,208.31,211.39995994850497
2016-12-27 22:00:00,208.17000000000002,211.25847891327754
2016-12-28 22:00:00,208.12,211.20849638252932
2016-12-29 22:00:00,208.81,211.90955473663257
2016-12-30 22:00:00,208.93,212.03224536878852
2017-01-02 22:00:00,208.51,211.60610054674748
2017-01-03 22:00:00,208.65,211.74973996953202
2017-01-04 22:00:00,208.07,211.16209422143558
2017-01-05 22:00:00,207.37,210.45397656648524
2017-01-06 22:00:00,207.65,210.73999788979134
2017-01-09 22:00:00,205.01,208.06272004083613
2017-01-10 22:00:00,205.70000000000002,208.7666585246406
2017-01-11 22:00:00,205.83,208.90316497340694
2017-01-12 22:00:00,208.51,211.62766115436582
2017-01-13 22:00:00,208.82,211.94478372614057
2017-01-16 22:00:00,208.04,211.15382140578333
2017-01-17 22:00:00,208.21,211.32964959094434
2017-01-18 22:00:00,208.28,211.4059991329769
2017-01-19 22:00:00,207.6,210.72077207125182
2017-01-20 22:00:00,208.58,211.71897541747583
2017-01-23 22:00:00,207.86,210.99136080711483
2017-01-24 22:00:00,208.9,212.05037096939066
2017-01-25 22:00:00,208.72,211.86989025859177
2017-01-26 22:00:00,209.07,212.22955187092444
2017-01-27 22:00:00,209.21,212.373223545222
2017-01-30 22:00:00,207.83,210.9756027604313
2017-01-31 22:00:00,207.59,210.73641012806118
2017-02-01 22:00:00,206.99,210.1306905510349
2017-02-02 22:00:00,209.11,212.28733745280329
2017-02-03 22:00:00,210.01,213.20361862127206
2017-02-06 22:00:00,210.13,213.3266864293562
2017-02-07 22:00:00,211.46,214.68013988358842
2017-02-08 22:00:00,210.53,213.73895842212374
2017-02-09 22:00:00,211.91,215.14299704656477
2017-02-10 22:00:00,212.67000000000002,215.91662851838723
2017-02-13 22:00:00,212.51,215.75551697149317
2017-02-14 22:00:00,212.18,215.42400227023006
2017-02-15 22:00:00,211.64000000000001,214.88018438608233
2017-02-16 22:00:00,211.25,214.48753374715562
2017-02-17 22:00:00,211.46,214.7042022479992
2017-02-20 22:00:00,211.31,214.55340823421403
2017-02-21 22:00:00,211.6,214.85202678794224
2017-02-22 22:00:00,211.46,214.71530987241553
2017-02-23 22:00:00,211.43,214.68768031886927
2017-02-24 22:00:00,212.72,215.99995236040218
2017-02-27 22:00:00,212.99,216.2768159949107
2017-02-28 22:00:00,211.92000000000002,215.1931122345648
2017-03-01 22:00:00,213.43,216.73191469448741
2017-03-02 22:00:00,213.48000000000002,216.78724501380967
2017-03-03 22:00:00,213.57,216.88226640510774
2017-03-06 22:00:00,213.17000000000002,216.4782089380944
2017-03-07 22:00:00,213.18,216.4895044105527
2017-03-08 22:00:00,212.91,216.21671839220048
2017-03-09 22:00:00,211.92000000000002,215.21777828853996
2017-03-10 22:00:00,211.06,214.3486672049122
2017-03-13 21:00:00,211.8,215.10217276034302
2017-03-14 21:00:00,213.02,216.34367370536492
2017-03-15 21:00:00,221.23000000000002,224.68972950193952
2017-03-16 21:00:00,223.59,227.09772028972338
2017-03-17 21:00:00,224.39000000000001,227.91523430913324
2017-03-20 21:00:00,224.82,228.35394672929533
2017-03-21 21:00:00,224.78,228.31630286736137
2017-03-22 21:00:00,224.72,228.26015836917043
2017-03-23 21:00:00,224.91,228.45756617162215
2017-03-24 21:00:00,223.94,227.47630616180936
2017-03-27 21:00:00,223.03,226.556637580082
2017-03-28 21:00:00,223.16,226.6905285969961
2017-03-29 21:00:00,222.82,226.35025068110642
2017-03-30 21:00:00,222.25,225.77407286562578
2017-03-31 21:00:00,222.57,226.10298381421364
2017-04-03 21:00:00,222.35,225.88154867213743
2017-04-04 21:00:00,222.54,226.07693301115506
2017-04-05 21:00:00,222.24,225.7752491447303
2017-04-06 21:00:00,221.01,224.52903316502432
2017-04-07 21:00:00,221.06,224.58233086963688
2017-04-10 21:00:00,221.0,224.52441487096792
2017-04-11 21:00:00,221.18,224.71049796409469
2017-04-12 21:00:00,223.9,227.48133980330974
2017-04-13 21:00:00,222.31,225.87106504754541
2017-04-14 21:00:00,222.45000000000002,226.0140170750809
2017-04-17 21:00:00,222.95000000000002,226.5226678157064
2017-04-18 21:00:00,222.68,226.24877989493422
2017-04-19 21:00:00,222.68,226.24877989493422
2017-04-20 21:00:00,222.68,226.24877989493422
2017-04-21 21:00:00,222.68,226.24877989493422
2017-04-24 21:00:00,223.96,227.5552809823358
2017-04-25 21:00:00,223.84,227.43667023706618
2017-04-26 21:00:00,224.18,227.78524899611676
2017-04-27 21:00:00,222.97,226.56098696008902
2017-04-28 21:00:00,221.92000000000002,225.49866356965637
2017-05-01 21:00:00,221.77,225.3487083296443
2017-05-02 21:00:00,222.55,226.1430691047235
2017-05-03 21:00:00,223.0,226.60324391058427
2017-05-04 21:00:00,223.67000000000002,227.2876778920117
2017-05-05 21:00:00,223.67000000000002,227.2876778920117
2017-05-08 21:00:00,223.53,227.1457924664939
2017-05-09 21:00:00,223.17000000000002,226.78211700019162
2017-05-10 21:00:00,222.77,226.3779492877044
2017-05-11 21:00:00,223.44,227.06371058328816
2017-05-12 21:00:00,223.49,227.11637249683596
2017-05-15 21:00:00,223.98000000000002,227.61719914928437
2017-05-16 21:00:00,224.23000000000002,227.87399609452322
2017-05-17 21:00:00,225.99,229.6673690809165
2017-05-18 21:00:00,228.93,232.66331359870637
2017-05-19 21:00:00,229.35,233.09399826865408
2017-05-22 21:00:00,229.75,233.5050275757138
2017-05-23 21:00:00,230.36,234.12932485086483
2017-05-24 21:00:00,228.99,232.74141307891244
2017-05-25 21:00:00,227.45000000000002,231.18028869154992
2017-05-26 21:00:00,227.98000000000002,231.72256459482642
2017-05-29 21:00:00,227.01,230.73860547532394
2017-05-30 21:00:00,227.33,231.06979444506655
2017-05-31 21:00:00,226.12,229.84631476948263
2017-06-01 21:00:00,225.79,229.51734198197312
2017-06-02 21:00:00,225.76,229.49071523390828
2017-06-05 21:00:00,226.15,229.89051193135117
2017-06-06 21:00:00,222.57,226.25705604540772
2017-06-07 21:00:00,222.69,226.3893325689601
2017-06-08 21:00:00,224.3,228.029256012897
2017-06-09 21:00:00,231.85,235.71579335989375
2017-06-12 21:00:00,230.35,234.19685888022613
2017-06-13 21:00:00,227.74,231.55191381166668
2017-06-14 21:00:00,225.17000000000002,228.95566433835845
2017-06-15 21:00:00,226.91,230.73018819771147
2017-06-16 21:00:00,226.21,230.02267412423228
2017-06-19 21:00:00,226.68,230.5028954890273
2017-06-20 21:00:00,226.16,229.98025872536954
2017-06-21 21:00:00,226.11,229.93706268574076
2017-06-22 21:00:00,226.47,230.30625205951873
2017-06-23 21:00:00,226.29,230.12431083307914
2017-06-26 21:00:00,226.3,230.13926883954616
2017-06-27 21:00:00,228.64000000000001,232.53000103125444
2017-06-28 21:00:00,229.17000000000002,233.0808915402881
2017-06-29 21:00:00,229.39000000000001,233.31011967134418
2017-06-30 21:00:00,229.99,233.9293069992379
2017-07-03 21:00:00,231.75,235.72216718711613
2017-07-04 21:00:00,233.89000000000001,237.90314738823403
2017-07-05 21:00:00,232.85,236.85117777562502
2017-07-06 21:00:00,232.61,236.61074420294997
2017-07-07 21:00:00,234.03,238.0620878621107
2017-07-10 21:00:00,234.88,238.92965824517003
2017-07-11 21:00:00,236.49,240.57153827554046
2017-07-12 21:00:00,239.45000000000002,243.59655494150573
2017-07-13 21:00:00,240.06,244.2221751754045
2017-07-14 21:00:00,240.45000000000002,244.62425080757666
2017-07-17 21:00:00,238.55,242.6955150699194
2017-07-18 21:00:00,243.77,248.01779772088355
2017-07-19 21:00:00,243.51,247.75661944242984
2017-07-20 21:00:00,250.73000000000002,255.1259296404245
2017-07-21 21:00:00,249.6,253.98773780858215
2017-07-24 21:00:00,248.76000000000002,253.13793466256595
2017-07-25 21:00:00,249.33,253.72392769731076
2017-07-26 21:00:00,254.29,258.7805210416715
2017-07-27 21:00:00,250.15,254.5826874627128
2017-07-28 21:00:00,249.93,254.36126165332823
2017-07-31 21:00:00,252.39000000000001,256.8706973337471
2017-08-01 21:00:00,251.56,256.0360594479303
2017-08-02 21:00:00,252.17000000000002,256.66201477956537
2017-08-03 21:00:00,253.25,257.7696485952497
2017-08-04 21:00:00,254.95000000000002,259.51045211176444
2017-08-07 21:00:00,254.72,259.2804965254668
2017-08-08 21:00:00,255.9,260.48781496870487
2017-08-09 21:00:00,255.44,260.023390639013
2017-08-10 21:00:00,256.78000000000003,261.39172548743744
2017-08-11 21:00:00,256.7,261.31634027483443
2017-08-14 21:00:00,256.29,260.9009737680466
2017-08-15 21:00:00,254.36,258.9423154407188
2017-08-16 21:00:00,256.31,260.9339684502067
2017-08-17 21:00:00,256.14,260.76569389812204
2017-08-18 21:00:00,257.47,262.1242287495789
2017-08-21 21:00:00,258.81,263.49203941723545
2017-08-22 21:00:00,256.26,260.90022320998145
2017-08-23 21:00:00,257.18,261.8400170083493
2017-08-24 21:00:00,257.09000000000003,261.7509648415851
2017-08-25 21:00:00,259.9,264.61597996648845
2017-08-28 21:00:00,262.17,266.9331699282176
2017-08-29 21:00:00,260.9,265.6485650288284
2017-08-30 21:00:00,259.55,264.2774273842807
2017-08-31 21:00:00,258.17,262.8762216649703
2017-09-01 21:00:00,255.3,259.9590227327603
2017-09-04 21:00:00,256.83,261.51924898099463
2017-09-05 21:00:00,256.37,261.0536300542114
2017-09-06 21:00:00,256.8,261.496121244276
2017-09-07 21:00:00,254.82,259.4878007827642
2017-09-08 21:00:00,255.61,260.29727614850424
2017-09-11 21:00:00,251.45000000000002,256.0639373930573
2017-09-12 21:00:00,253.5,258.15651653346515
2017-09-13 21:00:00,253.45000000000002,258.1090029522624
2017-09-14 21:00:00,252.77,257.422890823458
2017-09-15 21:00:00,253.35,258.0196334623028
2017-09-18 21:00:00,257.8,262.5570379822827
2017-09-19 21:00:00,256.66,261.40080860913815
2017-09-20 21:00:00,254.35,259.05718833396315
2017-09-21 21:00:00,254.82,259.5458756970746
2017-09-22 21:00:00,255.02,259.7536391012085
2017-09-25 21:00:00,254.41,259.1357460081715
2017-09-26 21:00:00,253.95000000000002,258.6717158656062
2017-09-27 21:00:00,253.72,258.4413610526455
2017-09-28 21:00:00,253.67000000000002,258.3947888696751
2017-09-29 21:00:00,254.69,259.436504140089
2017-10-02 21:00:00,254.92000000000002,259.6734025755931
2017-10-03 21:00:00,255.26000000000002,260.0235565610404
2017-10-04 21:00:00,255.37,260.1374154163449
2017-10-05 21:00:00,256.0,260.7827721117256
2017-10-06 21:00:00,255.56,260.3397132760483
2017-10-09 21:00:00,254.42000000000002,259.1815407841893
2017-10-10 21:00:00,256.25,261.04803802102595
2017-10-11 21:00:00,257.67,262.49721251308733
2017-10-12 21:00:00,256.44,261.24935598483887
2017-10-13 21:00:00,255.83,260.62989808640884
2017-10-16 21:00:00,256.15,260.9580694827064
2017-10-17 21:00:00,254.78,259.56571464469044
2017-10-18 21:00:00,256.25,261.06572570780196
2017-10-19 21:00:00,257.04,261.8736633808652
2017-10-20 21:00:00,256.9,261.73469125486054
2017-10-23 21:00:00,257.13,261.97204924376314
2017-10-24 21:00:00,257.28000000000003,262.1273906279733
2017-10-25 21:00:00,260.0,264.90380713906353
2017-10-26 21:00:00,261.85,266.7946528435255
2017-10-27 21:00:00,262.73,267.6948748997136
2017-10-30 21:00:00,262.92,267.89053838819535
2017-10-31 21:00:00,262.86,267.83290839709724
2017-11-01 21:00:00,263.4,268.3868586562808
2017-11-02 21:00:00,264.06,269.06400916947064
2017-11-03 21:00:00,262.83,267.8164413192981
2017-11-06 22:00:00,262.23,267.20735471958557
2017-11-07 22:00:00,262.38,267.3629941432155
2017-11-08 22:00:00,261.12,266.0820034089969
2017-11-09 22:00:00,261.1,266.06478476964827
2017-11-10 22:00:00,261.94,266.9233060788883
2017-11-13 22:00:00,262.05,267.037773568755
2017-11-14 22:00:00,265.41,270.466439540634
2017-11-15 22:00:00,266.38,271.4620173572249
2017-11-16 22:00:00,266.36,271.44617421628635
2017-11-17 22:00:00,267.77,272.88768789311194
2017-11-20 22:00:00,266.78000000000003,271.8833274381211
2017-11-21 22:00:00,267.87,272.99787938977727
2017-11-22 22:00:00,266.79,271.8996242031261
2017-11-23 22:00:00,266.53000000000003,271.63825139549505
2017-11-24 22:00:00,263.1,268.14595975757356
2017-11-27 22:00:00,263.5,268.55833996064445
2017-11-28 22:00:00,262.15,267.19130306085543
2017-11-29 22:00:00,262.78000000000003,267.8390848327244
2017-11-30 22:00:00,264.36,269.4596821389845
2017-12-01 22:00:00,261.68,266.73825021464387
2017-12-04 22:00:00,259.47,264.4917427370086
2017-12-05 22:00:00,260.21,265.2514720891618
2017-12-06 22:00:00,261.5,266.57206087844156
2017-12-07 22:00:00,261.73,266.8136261865351
2017-12-08 22:00:00,259.74,264.7898929132479
2017-12-11 22:00:00,260.14,265.2009395125092
2017-12-12 22:00:00,260.99,266.0728715256235
2017-12-13 22:00:00,264.73,269.8921526579395
2017-12-14 22:00:00,266.8,272.01232140939294
2017-12-15 22:00:00,267.22,272.4466954462525
2017-12-18 22:00:00,266.97,272.1935266672939
2017-12-19 22:00:00,268.24,273.4911828609543
2017-12-20 22:00:00,266.44,271.6622479672406
2017-12-21 22:00:00,265.0,270.1988707845913
2017-12-22 22:00:00,265.88,271.1010825499603
2017-12-26 22:00:00,266.6,271.8385031280734
2017-12-27 22:00:00,266.76,272.0072858970372
2017-12-28 22:00:00,266.46,271.70824357841894
2017-12-29 22:00:00,264.63,269.84741112840396
2018-01-02 22:00:00,264.37,269.5909213870278
2018-01-03 22:00:00,263.1,268.303093523647
2018-01-04 22:00:00,263.36,268.5739399932757
2018-01-05 22:00:00,263.25,268.46646841117433
2018-01-08 22:00:00,259.99,265.14749936537777
2018-01-09 22:00:00,258.79,263.92986619133967
2018-01-10 22:00:00,264.0,269.2569569446536
2018-01-11 22:00:00,267.0,272.32889188975594
2018-01-12 22:00:00,268.35,273.71904864001505
2018-01-15 22:00:00,268.22,273.59282604033876
2018-01-16 22:00:00,267.43,272.7953142626146
2018-01-17 22:00:00,269.56,274.9812809624977
2018-01-18 22:00:00,271.43,276.8968793731989
2018-01-19 22:00:00,268.86,274.28122857652215
2018-01-22 22:00:00,270.6,276.06040437636216
2018-01-23 22:00:00,269.22,274.6621184220956
2018-01-24 22:00:00,261.81,267.1100816615416
2018-01-25 22:00:00,254.34,259.517259681905
2018-01-26 22:00:00,254.8,260.00220415884576
2018-01-29 22:00:00,253.69,258.87539704765317
2018-01-30 22:00:00,254.0,259.1962757979236
2018-01-31 22:00:00,253.35,258.5377607266906
2018-02-01 22:00:00,254.73000000000002,259.9545175826022
2018-02-02 22:00:00,257.88,263.17702839721215
2018-02-05 22:00:00,258.79,264.1123540205982
2018-02-06 22:00:00,259.32,264.6637939513549
2018-02-07 22:00:00,258.92,264.2614750972705
2018-02-08 22:00:00,260.33,265.7112302539258
2018-02-09 22:00:00,261.51,266.921937102496
2018-02-12 22:00:00,261.08,266.48898597350995
2018-02-13 22:00:00,259.71,265.096013234453
2018-02-14 22:00:00,263.25,268.72321086734246
2018-02-15 22:00:00,264.87,270.3865825638577
2018-02-16 22:00:00,262.93,268.41282700436483
2018-02-19 22:00:00,262.86,268.34359632096033
2018-02-20 22:00:00,261.48,266.9370449522082
2018-02-21 22:00:00,260.92,266.36863392184995
2018-02-22 22:00:00,260.93,266.38387845443316
2018-02-23 22:00:00,259.99,265.4260296142257
2018-02-26 22:00:00,259.07,264.4920227088457
2018-02-27 22:00:00,260.42,265.87409301365165
2018-02-28 22:00:00,262.94,268.44987511549556
2018-03-01 22:00:00,264.73,270.2845308834362
2018-03-02 22:00:00,266.06,271.646722853747
2018-03-05 22:00:00,267.76,273.3861207568347
2018-03-06 22:00:00,267.33,272.95259925096593
2018-03-07 22:00:00,266.0,271.5991365829185
2018-03-08 22:00:00,268.32,273.97465772530734
2018-03-09 22:00:00,265.63,271.23201910797764
2018-03-12 21:00:00,265.36,270.95721003423205
2018-03-13 21:00:00,265.97,271.58471873068913
2018-03-14 21:00:00,265.53000000000003,271.1402107576209
2018-03-15 21:00:00,268.03000000000003,273.6948777188204
2018-03-16 21:00:00,270.6,276.3216032062622
2018-03-19 21:00:00,271.37,277.1130494148995
2018-03-20 21:00:00,272.93,278.7092452499856
2018-03-21 21:00:00,272.67,278.45156151092567
2018-03-22 21:00:00,274.57,280.4020967183849
2018-03-23 21:00:00,274.67,280.50948199284727
2018-03-26 21:00:00,276.25,282.127194792742
2018-03-27 21:00:00,276.1,281.98013995858395
2018-03-28 21:00:00,278.18,284.1069409249463
2018-03-29 21:00:00,277.25,283.1643347676386
2018-03-30 21:00:00,276.92,282.8298740670801
2018-04-02 21:00:00,276.22,282.1195713534687
2018-04-03 21:00:00,275.62,281.5131724912409
2018-04-04 21:00:00,277.88,283.8291852192614
2018-04-05 21:00:00,278.94,284.9156734759236
2018-04-06 21:00:00,277.44,283.38819904397707
2018-04-09 21:00:00,277.73,283.68748761861184
2018-04-10 21:00:00,279.04,285.03192335073345
2018-04-11 21:00:00,278.64,284.625817721711
2018-04-12 21:00:00,278.1,284.07626649104003
2018-04-13 21:00:00,278.14,284.1200277163897
2018-04-16 21:00:00,278.09000000000003,284.0721839744338
2018-04-17 21:00:00,279.5,285.51728063969256
2018-04-18 21:00:00,277.65000000000003,283.6342355716948
2018-04-19 21:00:00,280.8,286.8616345402203
2018-04-20 21:00:00,279.09000000000003,285.1205542665397
2018-04-23 21:00:00,278.17,284.18803297548976
2018-04-24 21:00:00,281.36,287.45854719054756
2018-04-25 21:00:00,282.0,288.1159884527247
2018-04-26 21:00:00,282.40000000000003,288.5384412243787
2018-04-27 21:00:00,282.09000000000003,288.23139395324336
2018-04-30 21:00:00,281.76,287.9026028196749
2018-05-01 21:00:00,279.42,285.5198965456202
2018-05-02 21:00:00,274.69,280.70474010055227
2018-05-03 21:00:00,275.86,281.9094178790716
2018-05-04 21:00:00,274.24,280.26092965315587
2018-05-07 21:00:00,274.48,280.5090423641164
2018-05-08 21:00:00,276.84000000000003,282.92757817514547
2018-05-09 21:00:00,276.17,282.25223320718527
2018-05-10 21:00:00,275.73,281.817310636709
2018-05-11 21:00:00,276.13,282.2303794973599
2018-05-14 21:00:00,277.2,283.32770179178056
2018-05-15 21:00:00,279.28000000000003,285.4642532841565
2018-05-16 21:00:00,285.69,292.02979966934805
2018-05-17 21:00:00,285.6,291.94693148552676
2018-05-18 21:00:00,284.76,291.0963298394431
2018-05-21 21:00:00,290.37,296.8363772178468
2018-05-22 21:00:00,291.97,298.4784149763735
2018-05-23 21:00:00,296.56,303.18299527371477
2018-05-24 21:00:00,293.17,299.721747106173
2018-05-25 21:00:00,290.41,296.90231452487285
2018-05-28 21:00:00,289.37,295.84385912087225
2018-05-29 21:00:00,289.89,296.3947567667926
2018-05-30 21:00:00,289.8,296.3148004688887
2018-05-31 21:00:00,287.09000000000003,293.5491168118887
2018-06-01 21:00:00,286.65000000000003,293.1031586032942
2018-06-04 21:00:00,286.99,293.45285309913515
2018-06-05 21:00:00,286.51,292.9642312285813
2018-06-06 21:00:00,286.26,292.7144745642709
2018-06-07 21:00:00,285.54,291.9833200290087
2018-06-08 21:00:00,287.77,294.26520908896185
2018-06-11 21:00:00,286.38,292.84913869489066
2018-06-12 21:00:00,284.48,290.91187831577366
2018-06-13 21:00:00,280.1,286.45016098410423
2018-06-14 21:00:00,298.87,305.6684556590277
2018-06-15 21:00:00,295.08,301.80292982322635
2018-06-18 21:00:00,296.43,303.18665921073915
2018-06-19 21:00:00,299.12,305.945867485955
2018-06-20 21:00:00,300.21,307.06276746287847
2018-06-21 21:00:00,302.07,308.97077328665796
2018-06-22 21:00:00,305.2,312.17898170763607
2018-06-25 21:00:00,306.56,313.57311763393386
2018-06-26 21:00:00,303.77,310.72192114954964
2018-06-27 21:00:00,302.89,309.82690825793463
2018-06-28 21:00:00,304.39,311.36743676369406
2018-06-29 21:00:00,301.66,308.58479559592905
2018-07-02 21:00:00,302.46,309.4056613006091
2018-07-03 21:00:00,301.37,308.29279686579883
2018-07-04 21:00:00,300.64,307.5495214733316
2018-07-05 21:00:00,300.3,307.20524089683806
2018-07-06 21:00:00,299.38,306.26729050776197
2018-07-09 21:00:00,296.88,303.71636669706294
2018-07-10 21:00:00,296.22,303.0451376899417
2018-07-11 21:00:00,296.7,303.54140008358934
2018-07-12 21:00:00,298.1,304.9768551450058
2018-07-13 21:00:00,297.01,303.8663329338785
2018-07-16 21:00:00,296.99,303.84877417560796
2018-07-17 21:00:00,298.23,305.1202822916967
2018-07-18 21:00:00,298.37,305.2707431784281
2018-07-19 21:00:00,296.19,303.0503044974431
2018-07-20 21:00:00,296.18,303.0453756344661
2018-07-23 21:00:00,296.95,303.8368051727436
2018-07-24 21:00:00,294.21,301.0362875151457
2018-07-25 21:00:00,293.84000000000003,300.66117642284803
2018-07-26 21:00:00,295.45,302.312318237221
2018-07-27 21:00:00,293.5,300.31985428374725
2018-07-30 21:00:00,294.06,300.8938652375302
2018-07-31 21:00:00,296.0,302.8825111526606
2018-08-01 21:00:00,296.96,303.8673870147237
2018-08-02 21:00:00,297.32,304.239900105339
2018-08-03 21:00:00,294.92,301.78888249768335
2018-08-06 21:00:00,293.85,300.6962571831536
2018-08-07 21:00:00,295.3,302.18429554417366
2018-08-08 21:00:00,292.56,299.3860372255233
2018-08-09 21:00:00,295.22,302.112311400955
2018-08-10 21:00:00,295.93,302.84914089128637
2018-08-13 21:00:00,299.66,306.6728434812624
2018-08-14 21:00:00,302.90000000000003,309.99242578118975
2018-08-15 21:00:00,305.06,312.20819322511073
2018-08-16 21:00:00,304.41,311.5470155195013
2018-08-17 21:00:00,303.55,310.67076921258956
2018-08-20 21:00:00,303.86,310.9908580829414
2018-08-21 21:00:00,310.48,317.7737645333455
2018-08-22 21:00:00,313.15000000000003,320.5145193843129
2018-08-23 21:00:00,313.40000000000003,320.7727378066557
2018-08-24 21:00:00,312.48,319.83585699426845
2018-08-27 21:00:00,314.95,322.36893134140513
2018-08-28 21:00:00,313.05,320.42906797780023
2018-08-29 21:00:00,319.67,327.21380823797364
2018-08-30 21:00:00,318.15000000000003,325.67355148395046
2018-08-31 21:00:00,316.86,324.3565793020396
2018-09-03 21:00:00,314.5,321.9426285523287
2018-09-04 21:00:00,311.92,319.3103753823103
2018-09-05 21:00:00,310.96,318.34044257163185
2018-09-06 21:00:00,313.73,321.18201166885154
2018-09-07 21:00:00,308.64,315.9783482982092
2018-09-10 21:00:00,306.88,314.18150774166895
2018-09-11 21:00:00,300.08,307.22733281813527
2018-09-12 21:00:00,297.58,304.6753257929944
2018-09-13 21:00:00,307.59000000000003,314.94248467518213
2018-09-14 21:00:00,303.41,310.6680085317447
2018-09-17 21:00:00,305.65000000000003,312.96333017557066
2018-09-18 21:00:00,302.17,309.4044952300718
2018-09-19 21:00:00,298.86,306.0209648119041
2018-09-20 21:00:00,294.01,301.0642674082193
2018-09-21 21:00:00,295.76,302.8608756790985
2018-09-24 21:00:00,292.95,299.9882556277792
2018-09-25 21:00:00,290.0,296.9690841379274
2018-09-26 21:00:00,287.8,294.7225936928781
2018-09-27 21:00:00,290.11,297.0916203330627
2018-09-28 21:00:00,292.42,299.4629186921489
2018-10-01 21:00:00,290.72,297.7262477443724
2018-10-02 21:00:00,291.12,298.14210157646414
2018-10-03 21:00:00,290.61,297.62215088504655
2018-10-04 21:00:00,288.72,295.6912227043142
2018-10-05 21:00:00,287.90000000000003,294.85413560270416
2018-10-08 21:00:00,286.94,293.8759023250322
2018-10-09 21:00:00,285.99,292.90710694473006
2018-10-10 21:00:00,285.82,292.7381758275537
2018-10-11 21:00:00,286.11,293.04193805929106
2018-10-12 21:00:00,287.0,293.9561755279572
2018-10-15 21:00:00,285.89,292.8239265665289
2018-10-16 21:00:00,281.03000000000003,287.8500118482865
2018-10-17 21:00:00,282.14,288.9911353052411
2018-10-18 21:00:00,284.35,291.2597888135111
2018-10-19 21:00:00,282.24,289.104386380163
2018-10-22 21:00:00,287.24,294.22864707648625
2018-10-23 21:00:00,285.98,292.9426390241966
2018-10-24 21:00:00,292.56,299.68813862880734
2018-10-25 21:00:00,294.27,301.4452823104675
2018-10-26 21:00:00,289.51,296.578058524194
2018-10-29 21:00:00,290.98,298.08610406030346
2018-10-30 21:00:00,289.67,296.74824119303236
2018-10-31 21:00:00,285.48,292.46213499660934
2018-11-01 21:00:00,285.32,292.3037064043193
2018-11-02 21:00:00,283.38,290.32112061597644
2018-11-05 22:00:00,283.38,290.3235110198977
2018-11-06 22:00:00,283.77,290.728851269537
2018-11-07 22:00:00,283.42,290.3786090139644
2018-11-08 22:00:00,284.07,291.0473441311229
2018-11-09 22:00:00,285.65000000000003,292.6699329647153
2018-11-12 22:00:00,285.6,292.62854771678866
2018-11-13 22:00:00,285.37,292.400667351206
2018-11-14 22:00:00,279.46,286.35561706994037
2018-11-15 22:00:00,277.02,283.86421188272146
2018-11-16 22:00:00,277.29,284.14553067855775
2018-11-19 22:00:00,275.64,282.4570665140788
2018-11-20 22:00:00,277.36,284.2269226329488
2018-11-21 22:00:00,279.09000000000003,286.0029911622336
2018-11-22 22:00:00,277.59000000000003,284.4703037176628
2018-11-23 22:00:00,278.05,284.9468966736571
2018-11-26 22:00:00,278.58,285.4915377160913
2018-11-27 22:00:00,275.48,282.3190299221971
2018-11-28 22:00:00,277.66,284.56935114617687
2018-11-29 22:00:00,274.56,281.3998912913845
2018-11-30 22:00:00,270.73,277.477369575579
2018-12-03 22:00:00,275.51,282.3815901446939
2018-12-04 22:00:00,273.23,280.0505342897186
2018-12-05 22:00:00,275.58,282.46488168159925
2018-12-06 22:00:00,277.96,284.909273236642
2018-12-07 22:00:00,280.55,287.5669411229429
2018-12-10 22:00:00,281.67,288.72107958017386
2018-12-11 22:00:00,281.23,288.275089019349
2018-12-12 22:00:00,281.78000000000003,288.8458549430144
2018-12-13 22:00:00,280.41,287.44488925288414
2018-12-14 22:00:00,287.72,294.94336633350014
2018-12-17 22:00:00,288.14,295.37641147701225
2018-12-18 22:00:00,288.73,295.98499328373714
2018-12-19 22:00:00,290.21,297.50640482023516
2018-12-20 22:00:00,286.90000000000003,294.1207865166794
2018-12-21 22:00:00,288.18,295.43652013930233
2018-12-24 22:00:00,287.28000000000003,294.5161756466533
2018-12-26 22:00:00,287.18,294.4173077292126
2018-12-27 22:00:00,285.54,292.7389599352319
2018-12-28 22:00:00,284.97,292.1563721257273
2018-12-31 22:00:00,283.98,291.14622987460933
2019-01-02 22:00:00,290.43,297.7688963456969
2019-01-03 22:00:00,294.63,302.08614224064036
2019-01-04 22:00:00,296.72,304.23704953218197
2019-01-07 22:00:00,298.99,306.56663080491296
2019-01-08 22:00:00,296.69,304.2111898748559
2019-01-09 22:00:00,299.56,307.16036466640736
2019-01-10 22:00:00,297.5,305.05189310839523
2019-01-11 22:00:00,298.90000000000003,306.491838036169
2019-01-14 22:00:00,300.3,307.93038255560447
2019-01-15 22:00:00,297.02,304.57307538139986
2019-01-16 22:00:00,297.78000000000003,305.35570327136656
2019-01-17 22:00:00,299.95,307.58319684690997
2019-01-18 22:00:00,297.44,305.01170465455914
2019-01-21 22:00:00,298.36,305.9568035645144
2019-01-22 22:00:00,299.45,307.0762080077537
2019-01-23 22:00:00,301.63,309.3147536081333
2019-01-24 22:00:00,296.76,304.32613465975686
2019-01-25 22:00:00,298.81,306.4318996244963
2019-01-28 22:00:00,299.64,307.2842866719013
2019-01-29 22:00:00,299.83,307.4793961761814
2019-01-30 22:00:00,301.53000000000003,309.22390672475615
2019-01-31 22:00:00,301.39,309.0812979253471
2019-02-01 22:00:00,300.34000000000003,308.0066592745757
2019-02-04 22:00:00,299.56,307.2075331273382
2019-02-05 22:00:00,298.8,306.42889853806935
2019-02-06 22:00:00,301.78000000000003,309.4870119857206
2019-02-07 22:00:00,302.52,310.24748074736806
2019-02-08 22:00:00,301.39,309.09083218538314
2019-02-11 22:00:00,299.48,307.13321120690597
2019-02-12 22:00:00,297.97,305.58784713511443
2019-02-13 22:00:00,295.5,303.05609942405016
2019-02-14 22:00:00,295.17,302.7195196186364
2019-02-15 22:00:00,290.23,297.65598501691943
2019-02-18 22:00:00,291.39,298.8467039937038
2019-02-19 22:00:00,287.66,295.0250981372387
2019-02-20 22:00:00,287.19,294.5446085906517
2019-02-21 22:00:00,290.77,298.2210736169377
2019-02-22 22:00:00,282.52,289.76193952197
2019-02-25 22:00:00,279.46,286.6269364882397
2019-02-26 22:00:00,279.0,286.1577032511851
2019-02-27 22:00:00,280.40000000000003,287.59566281459104
2019-02-28 22:00:00,284.35,291.6487553001075
2019-03-01 22:00:00,287.34000000000003,294.7200363215225
2019-03-04 22:00:00,285.42,292.7520574221627
2019-03-05 22:00:00,285.81,293.1538008410707
2019-03-06 22:00:00,289.09000000000003,296.52135702147103
2019-03-07 22:00:00,293.22,300.76324673749093
2019-03-08 22:00:00,291.25,298.74673178734184
2019-03-11 21:00:00,291.52,299.02572491718195
2019-03-12 21:00:00,287.18,294.57995874982055
2019-03-13 21:00:00,281.72,288.98207398939695
2019-03-14 21:00:00,282.96,290.25720694908443
2019-03-15 21:00:00,282.17,289.4489275338159
2019-03-18 21:00:00,283.65000000000003,290.9678318252195
2019-03-19 21:00:00,283.41,290.7222626222983
2019-03-20 21:00:00,285.71,293.0842548216224
2019-03-21 21:00:00,285.08,292.4426583549602
2019-03-22 21:00:00,284.08,291.4236377039525
2019-03-25 21:00:00,283.54,290.87115267402726
2019-03-26 21:00:00,281.32,288.59510276403233
2019-03-27 21:00:00,282.62,289.9303075389981
2019-03-28 21:00:00,286.14,293.5436419807903
2019-03-29 21:00:00,284.66,292.03005218421566
2019-04-01 21:00:00,282.56,289.8781886040931
2019-04-02 21:00:00,282.21,289.52240878369025
2019-04-03 21:00:00,281.99,289.299269989894
2019-04-04 21:00:00,281.82,289.1253769194566
2019-04-05 21:00:00,282.36,289.6814139767229
2019-04-08 21:00:00,282.24,289.5596109252216
2019-04-09 21:00:00,282.55,289.87882506129165
2019-04-10 21:00:00,280.57,287.849348747183
2019-04-11 21:00:00,281.88,289.19402274287927
2019-04-12 21:00:00,282.22,289.54687785877275
2019-04-15 21:00:00,283.95,291.324606703801
2019-04-16 21:00:00,282.85,290.197858458707
2019-04-17 21:00:00,282.41,289.7486853941188
2019-04-18 21:00:00,281.59000000000003,288.9085914415582
2019-04-19 21:00:00,281.59000000000003,288.90894397971005
2019-04-22 21:00:00,282.08,289.4122381470635
2019-04-23 21:00:00,282.52,289.86536927158517
2019-04-24 21:00:00,281.53000000000003,288.8541117614775
2019-04-25 21:00:00,280.7,288.00537905626396
2019-04-26 21:00:00,280.09000000000003,287.38144248425544
2019-04-29 21:00:00,280.36,287.6601079950188
2019-04-30 21:00:00,278.58,285.83502885288755
2019-05-01 21:00:00,278.36,285.61174077368526
2019-05-02 21:00:00,278.91,286.17778065439865
2019-05-03 21:00:00,279.76,287.05494142053624
2019-05-06 21:00:00,278.7,285.9701980003547
2019-05-07 21:00:00,279.62,286.91794927413775
2019-05-08 21:00:00,282.59000000000003,289.967456440817
2019-05-09 21:00:00,282.05,289.4190647483851
2019-05-10 21:00:00,281.14,288.49103888016845
2019-05-13 21:00:00,286.75,294.2543690691766
2019-05-14 21:00:00,286.93,294.44228072954024
2019-05-15 21:00:00,288.99,296.56264011218536
2019-05-16 21:00:00,290.33,297.93988277188805
2019-05-17 21:00:00,290.88,298.5077242268363
2019-05-20 21:00:00,289.93,297.5348872371372
2019-05-21 21:00:00,286.54,294.0618988472551
2019-05-22 21:00:00,285.82,293.32721023897193
2019-05-23 21:00:00,292.42,300.1070449548092
2019-05-24 21:00:00,296.14,303.92852230605
2019-05-27 21:00:00,295.02,302.78108049190837
2019-05-28 21:00:00,295.47,303.24511585652675
2019-05-29 21:00:00,293.73,301.46244177080024
2019-05-30 21:00:00,293.26,300.98193430932514
2019-05-31 21:00:00,296.66,304.4769773313129
2019-06-03 21:00:00,298.21,306.07137883696225
2019-06-04 21:00:00,297.86,305.71316965928645
2019-06-05 21:00:00,297.1,304.93569162983437
2019-06-06 21:00:00,296.78000000000003,304.6129227648313
2019-06-07 21:00:00,296.79,304.63295418664535
2019-06-10 21:00:00,294.49,302.2763649165076
2019-06-11 21:00:00,291.49,299.199173728988
2019-06-12 21:00:00,289.49,297.1485705008837
2019-06-13 21:00:00,289.18,296.83242916059595
2019-06-14 21:00:00,289.3,296.95996456210855
2019-06-17 21:00:00,289.52,297.189040557253
2019-06-18 21:00:00,288.68,296.3381260404062
2019-06-19 21:00:00,287.63,295.26244818796175
2019-06-20 21:00:00,288.65000000000003,296.31426791110624
2019-06-21 21:00:00,288.82,296.4916534882506
2019-06-24 21:00:00,288.06,295.7131335874199
2019-06-25 21:00:00,290.59000000000003,298.31306270748166
2019-06-26 21:00:00,287.88,295.53384194560317
2019-06-27 21:00:00,287.16,294.796571935582
2019-06-28 21:00:00,285.94,293.5459731644039
2019-07-01 21:00:00,286.89,294.5247210932488
2019-07-02 21:00:00,289.78000000000003,297.4950129434841
2019-07-03 21:00:00,289.45,297.1584103152546
2019-07-04 21:00:00,289.58,297.294084545517
2019-07-05 21:00:00,290.59000000000003,298.34309229756747
2019-07-08 21:00:00,292.13,299.9295400663047
2019-07-09 21:00:00,295.66,303.5569512565372
2019-07-10 21:00:00,293.8,301.64853216394454
2019-07-11 21:00:00,291.78000000000003,299.57545568734827
2019-07-12 21:00:00,288.74,296.45526333835875
2019-07-15 21:00:00,291.19,298.9714404590408
2019-07-16 21:00:00,300.37,308.40115921054314
2019-07-17 21:00:00,298.98,306.97685152380956
2019-07-18 21:00:00,293.41,301.26301833354626
2019-07-19 21:00:00,295.06,302.9629026765085
2019-07-22 21:00:00,295.84000000000003,303.76519074733784
2019-07-23 21:00:00,300.5,308.5533860412291
2019-07-24 21:00:00,301.17,309.24270256047384
2019-07-25 21:00:00,300.62,308.68978565708466
2019-07-26 21:00:00,300.78000000000003,308.85550404175274
2019-07-29 21:00:00,304.0,312.16826198549137
2019-07-30 21:00:00,304.21,312.3861110206286
2019-07-31 21:00:00,305.77,313.99526802623967
2019-08-01 21:00:00,311.42,319.8072959583639
2019-08-02 21:00:00,312.36,320.7793899114512
2019-08-05 21:00:00,312.66,321.091040031494
2019-08-06 21:00:00,313.63,322.0947415836775
2019-08-07 21:00:00,309.53000000000003,317.88717580836044
2019-08-08 21:00:00,312.0,320.4260263916841
2019-08-09 21:00:00,311.02,319.42336206702345
2019-08-12 21:00:00,309.92,318.2975858755091
2019-08-13 21:00:00,312.25,320.69581913514037
2019-08-14 21:00:00,311.72,320.1635013366202
2019-08-15 21:00:00,311.46,319.90377347390444
2019-08-16 21:00:00,314.18,322.70081697458835
2019-08-19 21:00:00,314.52,323.05261626308396
2019-08-20 21:00:00,312.94,321.43089367026533
2019-08-21 21:00:00,312.3,320.7762437504774
2019-08-22 21:00:00,313.84000000000003,322.36056194049524
2019-08-23 21:00:00,307.99,316.36633099075055
2019-08-26 21:00:00,312.68,321.1896855555006
2019-08-27 21:00:00,313.36,321.89007295061054
2019-08-28 21:00:00,313.17,321.6977420308707
2019-08-29 21:00:00,314.55,323.11947173976637
2019-08-30 21:00:00,317.39,326.04865541866593
2019-09-02 21:00:00,318.14,326.8233990094429
2019-09-03 21:00:00,327.37,336.3140280669973
2019-09-04 21:00:00,330.89,339.9372423036037
2019-09-05 21:00:00,333.54,342.66586695841227
2019-09-06 21:00:00,331.77,340.8516990309858
2019-09-09 21:00:00,332.48,341.58523201465727
2019-09-10 21:00:00,333.78000000000003,342.92326827004445
2019-09-11 21:00:00,333.85,342.9985873737797
2019-09-12 21:00:00,331.0,340.08758770641316
2019-09-13 21:00:00,332.52,341.65741753722483
2019-09-16 21:00:00,340.47,349.82954711374424
2019-09-17 21:00:00,334.37,343.5638353846986
2019-09-18 21:00:00,333.51,342.6843308581254
2019-09-19 21:00:00,335.22,344.443061260918
2019-09-20 21:00:00,337.26,346.54246306863234
2019-09-23 21:00:00,339.62,348.9713061941893
2019-09-24 21:00:00,340.45,349.82673601381794
2019-09-25 21:00:00,341.49,350.89800119328
2019-09-26 21:00:00,343.07,352.5253628940053
2019-09-27 21:00:00,341.81,351.23527287595147
2019-09-30 21:00:00,345.54,355.0699033391743
2019-10-01 21:00:00,342.17,351.6140718670655
2019-10-02 21:00:00,334.74,343.9847356450699
2019-10-03 21:00:00,330.93,340.07406649414264
2019-10-04 21:00:00,330.26,339.3891029388452
2019-10-07 21:00:00,328.71,337.7991744555561
2019-10-08 21:00:00,329.28000000000003,338.38995133210904
2019-10-09 21:00:00,328.35,337.43816667127396
2019-10-10 21:00:00,332.99,342.2210028775343
2019-10-11 21:00:00,349.5,359.2057722651214
2019-10-14 21:00:00,350.49,360.22790763858364
2019-10-15 21:00:00,352.86,362.67211788415926
2019-10-16 21:00:00,351.5,361.28051633139995
2019-10-17 21:00:00,350.6,360.36623950007174
2019-10-18 21:00:00,345.14,354.7614737851191
2019-10-21 21:00:00,346.6,356.2676127082113
2019-10-22 21:00:00,348.35,358.0699810336167
2019-10-23 21:00:00,344.58,354.19952624850845
2019-10-24 21:00:00,347.44,357.1434084797363
2019-10-25 21:00:00,349.56,359.32462161289425
2019-10-28 21:00:00,346.76,356.4486809630938
2019-10-29 21:00:00,346.16,355.8356602634229
2019-10-30 21:00:00,343.1,352.6926421440071
2019-10-31 21:00:00,345.5,355.1655942995963
2019-11-01 21:00:00,343.76,353.37969733153244
2019-11-04 22:00:00,347.09000000000003,356.8047296190129
2019-11-05 22:00:00,349.54,359.32605320942207
2019-11-06 22:00:00,351.89,361.74335408652036
2019-11-07 22:00:00,354.28000000000003,364.20457342213047
2019-11-08 22:00:00,356.15000000000003,366.12917676700255
2019-11-11 22:00:00,350.61,360.438474979359
2019-11-12 22:00:00,350.95,360.7896407605904
2019-11-13 22:00:00,350.37,360.1963821673567
2019-11-14 22:00:00,348.58,358.35849092371336
2019-11-15 22:00:00,349.41,359.21339792532075
2019-11-18 22:00:00,348.08,357.8494030418468
2019-11-19 22:00:00,346.64,356.37089999036044
2019-11-20 22:00:00,344.88,354.5633924406556
2019-11-21 22:00:00,344.93,354.6168028071406
2019-11-22 22:00:00,348.56,358.35120318173693
2019-11-25 22:00:00,344.53000000000003,354.20994086192644
2019-11-26 22:00:00,347.29,357.04888810344437
2019-11-27 22:00:00,345.12,354.82056657983134
2019-11-28 22:00:00,343.81,353.4744259059915
2019-11-29 22:00:00,341.87,351.48429469527434
2019-12-02 22:00:00,340.41,349.989394608472
2019-12-03 22:00:00,338.45,347.97977787611256
2019-12-04 22:00:00,339.05,348.60261646028766
2019-12-05 22:00:00,339.46,349.02515305670084
2019-12-06 22:00:00,338.8,348.35126328730536
2019-12-09 22:00:00,340.17,349.7613700050465
2019-12-10 22:00:00,338.62,348.17026281516337
2019-12-11 22:00:00,335.0,344.45192353357766
2019-12-12 22:00:00,335.98,345.46591718222817
2019-12-13 22:00:00,336.85,346.3710938910769
2019-12-16 22:00:00,335.96,345.45956097691544
2019-12-17 22:00:00,337.51,347.0596667236654
2019-12-18 22:00:00,339.38,348.9855665278146
2019-12-19 22:00:00,340.92,350.57354767965626
2019-12-20 22:00:00,342.45,352.14958006794603
2019-12-23 22:00:00,342.63,352.3368617124982
2019-12-24 22:00:00,342.37,352.070583031939
2019-12-26 22:00:00,339.86,349.4917655218422
2019-12-27 22:00:00,335.59000000000003,345.1046415777503
2019-12-30 22:00:00,336.1,345.63203099496985
2019-12-31 22:00:00,337.0,346.56181202217977
2020-01-02 22:00:00,341.86,351.5654584948854
2020-01-03 22:00:00,346.93,356.7832015033901
2020-01-06 22:00:00,343.74,353.5075906428312
2020-01-07 22:00:00,342.26,351.9891505366786
2020-01-08 22:00:00,339.86,349.52471750819757
2020-01-09 22:00:00,335.86,345.41642126018
2020-01-10 22:00:00,336.69,346.27322957583056
2020-01-13 22:00:00,336.36,345.93666759195327
2020-01-14 22:00:00,335.15000000000003,344.69329707548275
2020-01-15 22:00:00,334.31,343.8312326850842
2020-01-16 22:00:00,334.53000000000003,344.06014252485573
2020-01-17 22:00:00,337.47,347.0863395230695
2020-01-20 22:00:00,337.83,347.45815184035024
2020-01-21 22:00:00,336.61,346.2060374928312
2020-01-22 22:00:00,331.14,340.5838536130221
2020-01-23 22:00:00,333.71,343.23059263513073
2020-01-24 22:00:00,335.90000000000003,345.4839645009604
2020-01-27 22:00:00,336.12,345.7114667438679
2020-01-28 22:00:00,337.22,346.8436422345332
2020-01-29 22:00:00,337.35,346.97802016467847
2020-01-30 22:00:00,336.42,346.02294406937625
2020-01-31 22:00:00,333.29,342.80523800335544
2020-02-03 22:00:00,334.29,343.8365889904709
2020-02-04 22:00:00,332.98,342.4916744280549
2020-02-05 22:00:00,331.21,340.6731872293986
2020-02-06 22:00:00,331.84000000000003,341.3227969734793
2020-02-07 22:00:00,332.85,342.36339692921945
2020-02-10 22:00:00,332.31,341.8121478788253
2020-02-11 22:00:00,330.66,340.1168890017503
2020-02-12 22:00:00,332.62,342.1349091818001
2020-02-13 22:00:00,329.25,338.67262356870197
2020-02-14 22:00:00,328.36,337.7586306055981
2020-02-17 22:00:00,328.55,337.9541702056496
2020-02-18 22:00:00,327.40000000000003,336.77326948642406
2020-02-19 22:00:00,328.44,337.8457723511021
2020-02-20 22:00:00,328.35,337.7569194938273
2020-02-21 22:00:00,327.64,337.0277942929037
2020-02-24 22:00:00,330.81,340.2912029896396
2020-02-25 22:00:00,331.79,341.3011457770601
2020-02-26 22:00:00,333.38,342.93910928663416
2020-02-27 22:00:00,334.79,344.3937067903749
2020-02-28 22:00:00,333.38,342.945334050415
2020-03-02 22:00:00,332.43,341.969850923727
2020-03-03 22:00:00,332.88,342.43414344979203
2020-03-04 22:00:00,334.44,344.0430108050884
2020-03-05 22:00:00,334.45,344.05406361934376
2020-03-06 22:00:00,334.74,344.356503338843
2020-03-09 21:00:00,311.98,320.95005450150217
2020-03-10 21:00:00,304.5,313.2563344206747
2020-03-11 21:00:00,312.93,321.93182309314807
2020-03-12 21:00:00,319.40000000000003,328.59903284243615
2020-03-13 21:00:00,326.12,335.5169914335515
2020-03-16 21:00:00,329.86,339.3674134161989
2020-03-17 21:00:00,335.40000000000003,345.06940975646177
2020-03-18 21:00:00,339.31,349.0993360727375
2020-03-19 21:00:00,315.74,324.8579792339584
2020-03-20 21:00:00,312.90000000000003,321.9396963768499
2020-03-23 21:00:00,309.52,318.46674577296733
2020-03-24 21:00:00,302.91,311.66702240186726
2020-03-25 21:00:00,303.05,311.81325372795123
2020-03-26 21:00:00,299.21,307.865441596016
2020-03-27 21:00:00,299.68,308.35256586959616
2020-03-30 21:00:00,298.64,307.2856581743037
2020-03-31 21:00:00,298.85,307.50243402443095
2020-04-01 21:00:00,296.29,304.8706405849002
2020-04-02 21:00:00,296.46,305.04833562594285
2020-04-03 21:00:00,296.56,305.1537582315176
2020-04-06 21:00:00,297.98,306.6164729079921
2020-04-07 21:00:00,299.09000000000003,307.7590940247683
2020-04-08 21:00:00,298.74,307.3994722671
2020-04-09 21:00:00,298.65000000000003,307.30917532424735
2020-04-10 21:00:00,298.49,307.1457024637992
2020-04-13 21:00:00,297.71,306.34563204899234
2020-04-14 21:00:00,296.07,304.6596275593739
2020-04-15 21:00:00,293.67,302.1931699487285
2020-04-16 21:00:00,292.92,301.424232704713
2020-04-17 21:00:00,290.11,298.53431902272877
2020-04-20 21:00:00,290.44,298.8743765740667
2020-04-21 21:00:00,291.2,299.657645524461
2020-04-22 21:00:00,290.89,299.3394274037551
2020-04-23 21:00:00,289.24,297.64277929059364
2020-04-24 21:00:00,288.8,297.1902094352302
2020-04-27 21:00:00,289.13,297.5300155599718
2020-04-28 21:00:00,288.90000000000003,297.2946654421175
2020-04-29 21:00:00,287.23,295.57697103715225
2020-04-30 21:00:00,287.76,296.12343012648154
2020-05-01 21:00:00,286.49,294.8177533412491
2020-05-04 21:00:00,285.67,293.97445526354807
2020-05-05 21:00:00,285.82,294.1290771233702
2020-05-06 21:00:00,286.47,294.7990811134838
2020-05-07 21:00:00,285.01,293.29819825260296
2020-05-08 21:00:00,285.03000000000003,293.31963790952506
2020-05-11 21:00:00,284.83,293.1145951221954
2020-05-12 21:00:00,284.18,292.44624906235657
2020-05-13 21:00:00,284.04,292.30313071416094
2020-05-14 21:00:00,284.03000000000003,292.293256328726
2020-05-15 21:00:00,284.1,292.3655749047489
2020-05-18 21:00:00,283.88,292.1392212224347
2020-05-19 21:00:00,284.17,292.43776188061486
2020-05-20 21:00:00,284.18,292.44810377592285
2020-05-21 21:00:00,284.06,292.32533943384794
2020-05-22 21:00:00,284.54,292.81960337304497
2020-05-25 21:00:00,284.59000000000003,292.8711716838689
2020-05-26 21:00:00,282.31,290.5263740458303
2020-05-27 21:00:00,283.54,291.79489792046604
2020-05-28 21:00:00,283.54,291.79489792046604
2020-05-29 21:00:00,283.54,291.79489792046604
2020-06-01 21:00:00,283.54,291.79489792046604
2020-06-02 21:00:00,283.54,291.79489792046604
2020-06-03 21:00:00,283.54,291.79489792046604
2020-06-04 21:00:00,283.17,291.41476465807324
2020-06-05 21:00:00,283.01,291.25088655571176
2020-06-08 21:00:00,283.44,291.6942938856537
2020-06-09 21:00:00,285.51,293.8269821030718
2020-06-10 21:00:00,286.61,294.9611036359742
2020-06-11 21:00:00,286.98,295.34380064695006
2020-06-12 21:00:00,286.3,294.64630078407714
2020-06-15 21:00:00,287.25,295.6244198284417
2020-06-16 21:00:00,285.32,293.63941986958315
2020-06-17 21:00:00,285.07,293.3836339429901
2020-06-18 21:00:00,284.68,292.98345445721003
2020-06-19 21:00:00,285.01,293.3248346279575
2020-06-22 21:00:00,286.01,294.35509297424016
2020-06-23 21:00:00,286.33,294.68728235386317
